1489359202.14.jpg,154.0
1489359202.84.jpg,142.0
1489359203.37.jpg,159.0
1489359204.0.jpg,156.0
1489359204.63.jpg,161.0
1489359205.28.jpg,161.0
1489359205.93.jpg,149.0
1489359206.59.jpg,156.0
1489359207.27.jpg,152.0
1489359207.96.jpg,137.0
1489359208.65.jpg,117.0
1489359209.34.jpg,101.0
1489359210.03.jpg,89.0
1489359210.71.jpg,76.0
1489359211.4.jpg,69.0
1489359212.09.jpg,75.0
1489359212.78.jpg,76.0
1489359213.47.jpg,75.0
1489359214.16.jpg,70.0
1489359214.84.jpg,73.0
1489359215.54.jpg,74.0
1489359216.22.jpg,74.0
1489359216.91.jpg,72.0
1489359217.6.jpg,72.0
1489359218.29.jpg,82.0
1489359218.98.jpg,86.0
1489359219.67.jpg,89.0
1489359220.36.jpg,95.0
1489359221.04.jpg,98.0
1489359221.73.jpg,124.0
1489359222.42.jpg,116.0
1489359223.11.jpg,116.0
1489359223.8.jpg,
1489359224.49.jpg,
1489359225.17.jpg,115.0
1489359225.86.jpg,116.0
1489359226.55.jpg,120.0
1489359227.24.jpg,120.0
1489359227.93.jpg,126.0
1489359228.62.jpg,134.0
1489359229.3.jpg,141.0
1489359229.99.jpg,
1489359230.68.jpg,
1489359231.37.jpg,
1489359232.07.jpg,
1489359232.76.jpg,
1489359233.44.jpg,
1489359234.13.jpg,
1489359234.82.jpg,
1489359235.51.jpg,195.0
1489359236.2.jpg,212.0
1489359236.89.jpg,241.0
1489359237.57.jpg,269.0
1489359238.26.jpg,282.0
1489359238.95.jpg,306.0
1489359239.64.jpg,324.0
1489359240.33.jpg,336.0
1489359241.02.jpg,
1489359241.71.jpg,
1489359242.39.jpg,
1489359243.08.jpg,
1489359243.77.jpg,
1489359244.46.jpg,
1489359245.15.jpg,
1489359245.83.jpg,
1489359246.52.jpg,
1489359247.21.jpg,
1489359247.9.jpg,
1489359248.59.jpg,
1489359249.28.jpg,
1489359249.97.jpg,
1489359250.66.jpg,
1489359251.34.jpg,
1489359252.03.jpg,
1489359252.72.jpg,
1489359253.41.jpg,
1489359254.1.jpg,
1489359254.79.jpg,
1489359255.47.jpg,
1489359256.16.jpg,
1489359256.86.jpg,
1489359257.54.jpg,
1489359258.23.jpg,
1489359258.92.jpg,
1489359259.6.jpg,
1489359260.29.jpg,
1489359260.98.jpg,
1489359261.67.jpg,
1489359262.36.jpg,
1489359263.05.jpg,
1489359263.73.jpg,
1489359264.42.jpg,175.0
1489359265.11.jpg,182.0
1489359265.8.jpg,162.0
1489359266.49.jpg,169.0
1489359267.18.jpg,198.0
1489359267.87.jpg,204.0
1489359268.56.jpg,220.0
1489359269.24.jpg,236.0
1489359269.93.jpg,250.0
1489359270.62.jpg,264.0
1489359271.31.jpg,265.0
1489359272.0.jpg,314.0
1489359272.69.jpg,333.0
1489359273.37.jpg,348.0
1489359274.06.jpg,231.0
1489359274.75.jpg,236.0
1489359275.44.jpg,274.0
1489359276.13.jpg,455.0
1489359276.82.jpg,481.0
1489359277.5.jpg,490.0
1489359278.19.jpg,490.0
1489359278.88.jpg,436.0
1489359279.57.jpg,403.0
1489359280.26.jpg,382.0
1489359280.95.jpg,369.0
1489359281.64.jpg,314.0
1489359282.33.jpg,315.0
1489359283.02.jpg,375.0
1489359283.71.jpg,376.0
1489359284.4.jpg,353.0
1489359285.08.jpg,322.0
1489359285.77.jpg,278.0
1489359286.46.jpg,243.0
1489359287.15.jpg,227.0
1489359287.84.jpg,214.0
1489359288.53.jpg,205.0
1489359289.22.jpg,200.0
1489359289.9.jpg,232.0
1489359290.59.jpg,245.0
1489359291.28.jpg,257.0
1489359291.97.jpg,262.0
1489359292.69.jpg,269.0
1489359293.38.jpg,280.0
1489359294.07.jpg,287.0
1489359294.76.jpg,287.0
1489359295.45.jpg,281.0
1489359296.14.jpg,262.0
1489359296.82.jpg,258.0
1489359297.52.jpg,252.0
1489359298.21.jpg,246.0
1489359298.89.jpg,253.0
1489359299.58.jpg,241.0
1489359300.27.jpg,214.0
1489359300.96.jpg,214.0
1489359301.65.jpg,143.0
1489359302.34.jpg,115.0
1489359303.03.jpg,72.0
1489359303.72.jpg,29.0
1489359304.4.jpg,39.0
1489359305.09.jpg,68.0
1489359305.78.jpg,66.0
1489359306.47.jpg,66.0
1489359307.16.jpg,67.0
1489359307.85.jpg,266.0
1489359308.53.jpg,301.0
1489359309.22.jpg,308.0
1489359309.91.jpg,314.0
1489359310.6.jpg,349.0
1489359311.29.jpg,362.0
1489359311.98.jpg,371.0
1489359312.66.jpg,388.0
1489359313.35.jpg,397.0
1489359314.04.jpg,404.0
1489359314.73.jpg,
1489359315.42.jpg,
1489359316.11.jpg,
1489359316.8.jpg,
1489359317.49.jpg,
1489359318.18.jpg,344.0
1489359318.87.jpg,84.0
1489359319.55.jpg,121.0
1489359320.24.jpg,121.0
1489359320.93.jpg,138.0
1489359321.62.jpg,149.0
1489359322.31.jpg,403.0
1489359323.0.jpg,404.0
1489359323.69.jpg,416.0
1489359324.38.jpg,419.0
1489359325.06.jpg,421.0
1489359325.75.jpg,
1489359326.44.jpg,
1489359327.13.jpg,
1489359327.82.jpg,
1489359328.5.jpg,
1489359329.19.jpg,
1489359329.88.jpg,
1489359330.57.jpg,
1489359331.26.jpg,
1489359331.95.jpg,
1489359332.64.jpg,
1489359333.33.jpg,
1489359334.02.jpg,
1489359334.71.jpg,
1489359335.39.jpg,
1489359336.08.jpg,
1489359336.77.jpg,
1489359337.46.jpg,
1489359338.15.jpg,
1489359338.84.jpg,
1489359339.53.jpg,
1489359340.22.jpg,
1489359340.9.jpg,
1489359341.59.jpg,
1489359342.28.jpg,362.0
1489359342.97.jpg,362.0
1489359343.66.jpg,362.0
1489359344.35.jpg,362.0
1489359345.04.jpg,358.0
1489359345.72.jpg,356.0
1489359346.41.jpg,325.0
1489359347.1.jpg,279.0
1489359347.79.jpg,236.0
1489359348.48.jpg,216.0
1489359349.17.jpg,199.0
1489359349.85.jpg,158.0
1489359350.54.jpg,127.0
1489359351.23.jpg,107.0
1489359351.92.jpg,100.0
1489359352.61.jpg,93.0
1489359353.3.jpg,83.0
1489359353.99.jpg,74.0
1489359354.68.jpg,73.0
1489359355.37.jpg,70.0
1489359356.06.jpg,69.0
1489359356.74.jpg,69.0
1489359357.43.jpg,
1489359358.12.jpg,
1489359358.81.jpg,
1489359359.5.jpg,
1489359360.19.jpg,
1489359360.87.jpg,
1489359361.56.jpg,
1489359362.25.jpg,
1489359362.94.jpg,
1489359363.63.jpg,
1489359364.32.jpg,
1489359365.01.jpg,
1489359365.7.jpg,
1489359366.38.jpg,
1489359367.07.jpg,
1489359367.76.jpg,
1489359368.45.jpg,
1489359369.14.jpg,
1489359369.83.jpg,
1489359370.52.jpg,
1489359371.2.jpg,
1489359371.89.jpg,
1489359372.58.jpg,
1489359373.27.jpg,
1489359373.96.jpg,
1489359374.65.jpg,
1489359375.34.jpg,255.0
1489359376.02.jpg,223.0
1489359376.71.jpg,223.0
1489359377.4.jpg,231.0
1489359378.09.jpg,236.0
1489359378.78.jpg,262.0
1489359379.47.jpg,270.0
1489359380.16.jpg,276.0
1489359380.84.jpg,276.0
1489359381.53.jpg,
1489359382.22.jpg,
1489359382.91.jpg,
1489359383.6.jpg,
1489359384.28.jpg,
1489359384.97.jpg,
1489359385.66.jpg,
1489359386.35.jpg,
1489359387.04.jpg,262.0
1489359387.73.jpg,265.0
1489359388.42.jpg,270.0
1489359389.1.jpg,271.0
1489359389.79.jpg,273.0
1489359390.48.jpg,300.0
1489359391.17.jpg,309.0
1489359391.86.jpg,313.0
1489359392.55.jpg,316.0
1489359393.24.jpg,316.0
1489359393.92.jpg,351.0
1489359394.61.jpg,366.0
1489359395.3.jpg,404.0
1489359395.99.jpg,413.0
1489359396.68.jpg,410.0
1489359397.37.jpg,404.0
1489359398.05.jpg,402.0
1489359398.74.jpg,399.0
1489359399.43.jpg,394.0
1489359400.12.jpg,383.0
1489359400.81.jpg,376.0
1489359401.5.jpg,376.0
1489359402.19.jpg,381.0
1489359402.88.jpg,382.0
1489359403.57.jpg,380.0
1489359404.26.jpg,377.0
1489359404.95.jpg,
1489359405.63.jpg,
1489359406.32.jpg,
1489359407.01.jpg,
1489359407.7.jpg,
1489359408.39.jpg,
1489359409.08.jpg,
1489359409.77.jpg,
1489359410.46.jpg,
1489359411.14.jpg,
1489359411.83.jpg,
1489359412.53.jpg,
1489359413.24.jpg,
1489359413.93.jpg,
1489359414.62.jpg,
1489359415.31.jpg,
1489359416.0.jpg,
1489359416.69.jpg,
1489359417.37.jpg,
1489359418.07.jpg,
1489359418.76.jpg,
1489359419.45.jpg,
1489359420.13.jpg,
1489359420.82.jpg,537.0
1489359421.51.jpg,510.0
1489359422.2.jpg,510.0
1489359422.89.jpg,508.0
1489359423.58.jpg,508.0
1489359424.27.jpg,508.0
1489359424.96.jpg,508.0
1489359425.65.jpg,508.0
1489359426.34.jpg,513.0
1489359427.03.jpg,513.0
1489359428.24.jpg,403.0
1489359428.94.jpg,376.0
1489359429.63.jpg,323.0
1489359430.31.jpg,260.0
1489359431.0.jpg,203.0
1489359431.69.jpg,189.0
1489359432.38.jpg,171.0
1489359433.07.jpg,267.0
1489359433.76.jpg,284.0
1489359434.44.jpg,337.0
1489359435.13.jpg,395.0
1489359435.82.jpg,395.0
1489359436.51.jpg,391.0
1489359437.2.jpg,390.0
1489359437.89.jpg,381.0
1489359438.58.jpg,380.0
1489359439.27.jpg,264.0
1489359439.96.jpg,219.0
1489359440.65.jpg,151.0
1489359441.34.jpg,111.0
1489359442.03.jpg,84.0
1489359442.71.jpg,65.0
1489359443.4.jpg,80.0
1489359444.09.jpg,132.0
1489359444.78.jpg,108.0
1489359445.47.jpg,98.0
1489359446.16.jpg,93.0
1489359446.85.jpg,86.0
1489359447.53.jpg,86.0
1489359448.22.jpg,81.0
1489359449.08.jpg,59.0
1489359449.77.jpg,61.0
1489359450.46.jpg,66.0
1489359451.14.jpg,86.0
1489359451.83.jpg,88.0
1489359452.52.jpg,94.0
1489359453.21.jpg,118.0
1489359453.9.jpg,129.0
1489359454.59.jpg,147.0
1489359455.28.jpg,162.0
1489359455.96.jpg,164.0
1489359456.65.jpg,164.0
1489359457.34.jpg,164.0
1489359458.03.jpg,163.0
1489359458.72.jpg,159.0
1489359459.41.jpg,152.0
1489359460.1.jpg,150.0
1489359460.79.jpg,150.0
1489359461.47.jpg,150.0
1489359462.16.jpg,138.0
1489359462.85.jpg,133.0
1489359463.54.jpg,133.0
1489359464.23.jpg,216.0
1489359464.92.jpg,294.0
1489359465.61.jpg,273.0
1489359466.3.jpg,213.0
1489359466.98.jpg,171.0
1489359467.67.jpg,157.0
1489359468.37.jpg,138.0
1489359469.05.jpg,129.0
1489359469.74.jpg,144.0
1489359470.43.jpg,151.0
1489359471.12.jpg,193.0
1489359471.8.jpg,209.0
1489359472.49.jpg,223.0
1489359473.18.jpg,229.0
1489359473.87.jpg,234.0
1489359474.56.jpg,237.0
1489359475.25.jpg,234.0
1489359475.94.jpg,227.0
1489359476.63.jpg,227.0
1489359477.31.jpg,254.0
1489359478.0.jpg,316.0
1489359478.69.jpg,322.0
1489359479.38.jpg,327.0
1489359480.07.jpg,328.0
1489359480.76.jpg,333.0
1489359481.45.jpg,335.0
1489359482.14.jpg,340.0
1489359482.83.jpg,340.0
1489359483.52.jpg,346.0
1489359484.2.jpg,352.0
1489359484.89.jpg,356.0
1489359485.58.jpg,362.0
1489359486.27.jpg,367.0
1489359486.96.jpg,377.0
1489359487.65.jpg,387.0
1489359488.34.jpg,396.0
1489359489.03.jpg,400.0
1489359489.71.jpg,400.0
1489359490.4.jpg,398.0
1489359491.09.jpg,553.0
1489359491.78.jpg,541.0
1489359492.47.jpg,530.0
1489359493.16.jpg,530.0
1489359493.85.jpg,526.0
1489359494.54.jpg,536.0
1489359495.22.jpg,510.0
1489359495.91.jpg,504.0
1489359496.6.jpg,500.0
1489359497.29.jpg,496.0
1489359497.98.jpg,490.0
1489359498.67.jpg,489.0
1489359499.36.jpg,486.0
1489359500.04.jpg,484.0
1489359500.73.jpg,502.0
1489359501.42.jpg,527.0
1489359502.11.jpg,541.0
1489359502.8.jpg,553.0
1489359503.49.jpg,566.0
1489359504.18.jpg,577.0
1489359504.87.jpg,578.0
1489359505.55.jpg,575.0
1489359506.24.jpg,561.0
1489359506.93.jpg,552.0
1489359507.62.jpg,546.0
1489359508.31.jpg,546.0
1489359509.0.jpg,546.0
1489359509.69.jpg,546.0
1489359510.37.jpg,546.0
1489359511.06.jpg,550.0
1489359511.75.jpg,550.0
1489359512.44.jpg,556.0
1489359513.13.jpg,531.0
1489359513.82.jpg,529.0
1489359514.51.jpg,529.0
1489359515.19.jpg,527.0
1489359515.88.jpg,527.0
1489359516.57.jpg,556.0
1489359517.26.jpg,562.0
1489359517.95.jpg,564.0
1489359518.64.jpg,552.0
1489359519.33.jpg,538.0
1489359520.02.jpg,529.0
1489359520.7.jpg,534.0
1489359521.39.jpg,534.0
1489359522.08.jpg,534.0
1489359522.77.jpg,503.0
1489359523.46.jpg,502.0
1489359524.15.jpg,502.0
1489359524.84.jpg,502.0
1489359525.52.jpg,523.0
