1491257473.62.jpg,327.0
1491257474.29.jpg,336.0
1491257474.83.jpg,367.0
1491257475.45.jpg,392.0
1491257476.09.jpg,401.0
1491257476.76.jpg,414.0
1491257477.43.jpg,404.0
1491257478.12.jpg,398.0
1491257479.32.jpg,425.0
1491257480.06.jpg,423.0
1491257480.75.jpg,395.0
1491257481.44.jpg,430.0
1491257482.13.jpg,398.0
1491257482.82.jpg,394.0
1491257483.51.jpg,385.0
1491257484.19.jpg,363.0
1491257484.88.jpg,363.0
1491257485.57.jpg,363.0
1491257486.26.jpg,359.0
1491257486.95.jpg,349.0
1491257487.64.jpg,310.0
1491257488.33.jpg,283.0
1491257489.02.jpg,272.0
1491257489.71.jpg,252.0
1491257490.4.jpg,274.0
1491257491.08.jpg,274.0
1491257491.77.jpg,298.0
1491257492.46.jpg,391.0
1491257493.15.jpg,386.0
1491257493.84.jpg,362.0
1491257494.53.jpg,311.0
1491257495.22.jpg,276.0
1491257495.91.jpg,229.0
1491257496.6.jpg,208.0
1491257497.29.jpg,200.0
1491257497.97.jpg,234.0
1491257498.66.jpg,234.0
1491257499.35.jpg,268.0
1491257500.05.jpg,280.0
1491257500.74.jpg,293.0
1491257501.43.jpg,301.0
1491257502.12.jpg,301.0
1491257502.81.jpg,290.0
1491257503.49.jpg,257.0
1491257504.18.jpg,244.0
1491257504.87.jpg,215.0
1491257505.56.jpg,
1491257506.25.jpg,
1491257506.94.jpg,
1491257507.63.jpg,
1491257508.32.jpg,
1491257509.0.jpg,180.0
1491257509.69.jpg,171.0
1491257510.38.jpg,157.0
1491257511.07.jpg,156.0
1491257511.76.jpg,156.0
1491257512.45.jpg,147.0
1491257513.14.jpg,141.0
1491257513.82.jpg,113.0
1491257514.51.jpg,103.0
1491257515.2.jpg,102.0
1491257515.89.jpg,102.0
1491257516.58.jpg,102.0
1491257517.27.jpg,102.0
1491257517.96.jpg,102.0
1491257518.65.jpg,102.0
1491257519.33.jpg,102.0
1491257520.27.jpg,103.0
1491257520.98.jpg,103.0
1491257521.67.jpg,103.0
1491257522.36.jpg,103.0
1491257523.05.jpg,103.0
1491257523.73.jpg,103.0
1491257524.42.jpg,103.0
1491257525.11.jpg,103.0
1491257525.8.jpg,103.0
1491257526.49.jpg,103.0
1491257527.18.jpg,103.0
1491257527.87.jpg,103.0
1491257528.56.jpg,103.0
1491257529.24.jpg,103.0
1491257529.93.jpg,115.0
1491257530.62.jpg,131.0
1491257531.31.jpg,131.0
1491257532.0.jpg,131.0
1491257532.69.jpg,140.0
1491257533.38.jpg,140.0
1491257534.07.jpg,143.0
1491257534.75.jpg,143.0
1491257535.44.jpg,157.0
1491257536.13.jpg,157.0
1491257536.82.jpg,157.0
1491257537.51.jpg,205.0
1491257538.2.jpg,186.0
1491257538.89.jpg,172.0
1491257539.58.jpg,172.0
1491257540.26.jpg,161.0
1491257540.95.jpg,161.0
1491257541.64.jpg,161.0
1491257542.33.jpg,191.0
1491257543.02.jpg,191.0
1491257543.71.jpg,191.0
1491257544.4.jpg,191.0
1491257545.09.jpg,191.0
1491257545.78.jpg,203.0
1491257546.46.jpg,221.0
1491257547.15.jpg,
1491257547.84.jpg,
1491257548.53.jpg,
1491257549.22.jpg,
1491257549.91.jpg,
1491257550.6.jpg,
1491257551.29.jpg,251.0
1491257551.98.jpg,278.0
1491257552.67.jpg,
1491257553.36.jpg,
1491257554.05.jpg,
1491257554.73.jpg,
1491257555.42.jpg,
1491257556.11.jpg,269.0
1491257556.8.jpg,259.0
1491257557.49.jpg,280.0
1491257558.18.jpg,260.0
1491257558.87.jpg,226.0
1491257559.56.jpg,227.0
1491257560.25.jpg,315.0
1491257560.94.jpg,337.0
1491257561.62.jpg,292.0
1491257562.31.jpg,321.0
1491257563.0.jpg,329.0
1491257563.69.jpg,320.0
1491257564.38.jpg,342.0
1491257565.07.jpg,342.0
1491257565.76.jpg,342.0
1491257566.45.jpg,291.0
1491257567.14.jpg,216.0
1491257567.82.jpg,256.0
1491257568.51.jpg,289.0
1491257569.2.jpg,366.0
1491257569.89.jpg,389.0
1491257570.58.jpg,386.0
1491257571.27.jpg,358.0
1491257571.96.jpg,344.0
1491257572.65.jpg,344.0
1491257573.34.jpg,344.0
1491257574.03.jpg,336.0
1491257574.72.jpg,339.0
1491257575.41.jpg,340.0
1491257576.1.jpg,370.0
1491257576.79.jpg,416.0
1491257577.47.jpg,422.0
1491257578.16.jpg,442.0
1491257578.85.jpg,448.0
1491257579.54.jpg,448.0
1491257580.23.jpg,454.0
1491257580.92.jpg,472.0
1491257581.61.jpg,472.0
1491257582.3.jpg,491.0
1491257582.99.jpg,500.0
1491257583.67.jpg,520.0
1491257584.36.jpg,524.0
1491257585.05.jpg,535.0
1491257585.74.jpg,560.0
1491257586.43.jpg,559.0
1491257587.12.jpg,559.0
1491257587.81.jpg,558.0
1491257588.5.jpg,527.0
1491257589.19.jpg,530.0
1491257589.88.jpg,535.0
1491257590.56.jpg,537.0
1491257591.25.jpg,537.0
1491257591.94.jpg,542.0
1491257592.63.jpg,571.0
1491257593.32.jpg,593.0
1491257594.01.jpg,593.0
1491257594.7.jpg,593.0
1491257595.39.jpg,593.0
1491257596.08.jpg,593.0
1491257596.77.jpg,583.0
1491257597.46.jpg,583.0
1491257598.15.jpg,583.0
1491257598.84.jpg,583.0
1491257599.53.jpg,569.0
1491257600.22.jpg,547.0
1491257600.91.jpg,547.0
1491257601.6.jpg,538.0
1491257602.29.jpg,540.0
1491257602.97.jpg,549.0
1491257603.66.jpg,549.0
1491257604.35.jpg,559.0
1491257605.04.jpg,559.0
1491257605.73.jpg,563.0
1491257606.42.jpg,545.0
1491257607.11.jpg,541.0
1491257607.8.jpg,540.0
1491257608.49.jpg,534.0
1491257609.18.jpg,538.0
1491257609.87.jpg,542.0
1491257610.55.jpg,514.0
1491257611.24.jpg,463.0
1491257611.93.jpg,415.0
1491257612.62.jpg,311.0
1491257613.31.jpg,206.0
1491257614.0.jpg,188.0
1491257614.69.jpg,172.0
1491257615.38.jpg,164.0
1491257616.07.jpg,161.0
1491257616.76.jpg,138.0
1491257617.45.jpg,134.0
1491257618.14.jpg,132.0
1491257618.82.jpg,147.0
1491257619.51.jpg,132.0
1491257620.2.jpg,164.0
1491257620.89.jpg,145.0
1491257621.58.jpg,170.0
1491257622.27.jpg,165.0
1491257622.96.jpg,156.0
1491257623.65.jpg,173.0
1491257624.34.jpg,152.0
1491257625.03.jpg,122.0
1491257625.71.jpg,135.0
1491257626.4.jpg,135.0
1491257627.09.jpg,120.0
1491257627.78.jpg,130.0
1491257628.47.jpg,137.0
1491257629.16.jpg,114.0
1491257629.85.jpg,121.0
1491257630.54.jpg,138.0
1491257631.23.jpg,151.0
1491257631.92.jpg,168.0
1491257632.61.jpg,179.0
1491257633.29.jpg,182.0
1491257633.98.jpg,186.0
1491257634.67.jpg,201.0
1491257635.36.jpg,226.0
1491257636.05.jpg,246.0
1491257636.74.jpg,273.0
1491257637.43.jpg,288.0
1491257638.12.jpg,303.0
1491257638.81.jpg,308.0
1491257639.5.jpg,332.0
1491257640.19.jpg,360.0
1491257640.87.jpg,383.0
1491257641.57.jpg,401.0
1491257642.26.jpg,425.0
1491257642.95.jpg,436.0
1491257643.64.jpg,449.0
1491257644.33.jpg,477.0
1491257645.02.jpg,480.0
1491257645.71.jpg,483.0
1491257646.4.jpg,483.0
1491257647.09.jpg,483.0
1491257647.78.jpg,483.0
1491257648.47.jpg,483.0
1491257649.16.jpg,450.0
1491257649.85.jpg,450.0
1491257650.54.jpg,399.0
1491257651.23.jpg,399.0
1491257651.91.jpg,393.0
1491257652.61.jpg,392.0
1491257653.29.jpg,392.0
1491257653.98.jpg,392.0
1491257654.67.jpg,303.0
1491257655.36.jpg,279.0
1491257656.05.jpg,267.0
1491257656.74.jpg,242.0
1491257657.43.jpg,216.0
1491257658.12.jpg,192.0
1491257658.81.jpg,226.0
1491257659.5.jpg,256.0
1491257660.19.jpg,290.0
1491257660.88.jpg,331.0
1491257661.57.jpg,355.0
1491257662.25.jpg,381.0
1491257662.94.jpg,395.0
1491257663.63.jpg,407.0
1491257664.32.jpg,422.0
1491257665.01.jpg,436.0
1491257665.7.jpg,464.0
1491257666.39.jpg,515.0
1491257667.08.jpg,522.0
1491257667.77.jpg,522.0
1491257668.46.jpg,522.0
1491257669.15.jpg,539.0
1491257669.83.jpg,540.0
1491257670.52.jpg,540.0
1491257671.21.jpg,503.0
1491257671.9.jpg,503.0
1491257672.59.jpg,503.0
1491257673.28.jpg,503.0
1491257673.97.jpg,503.0
1491257674.66.jpg,503.0
1491257675.35.jpg,503.0
1491257676.04.jpg,503.0
1491257676.73.jpg,541.0
1491257677.42.jpg,540.0
1491257678.11.jpg,540.0
1491257678.79.jpg,486.0
1491257679.48.jpg,485.0
1491257680.17.jpg,490.0
1491257680.86.jpg,505.0
1491257681.55.jpg,549.0
1491257682.24.jpg,549.0
1491257682.93.jpg,520.0
1491257683.62.jpg,479.0
1491257684.31.jpg,408.0
1491257685.0.jpg,441.0
1491257685.69.jpg,389.0
1491257686.38.jpg,360.0
1491257687.07.jpg,364.0
1491257687.76.jpg,341.0
1491257688.45.jpg,364.0
1491257689.14.jpg,423.0
1491257689.82.jpg,478.0
1491257690.51.jpg,493.0
1491257691.2.jpg,541.0
1491257691.89.jpg,553.0
1491257692.58.jpg,514.0
1491257693.27.jpg,489.0
1491257693.96.jpg,428.0
1491257694.65.jpg,411.0
1491257695.34.jpg,411.0
1491257696.03.jpg,349.0
1491257696.72.jpg,323.0
1491257697.41.jpg,381.0
1491257698.1.jpg,380.0
1491257698.78.jpg,446.0
1491257699.47.jpg,408.0
1491257700.16.jpg,371.0
1491257700.85.jpg,296.0
1491257701.54.jpg,272.0
1491257702.23.jpg,505.0
1491257702.92.jpg,360.0
1491257703.61.jpg,446.0
1491257704.3.jpg,448.0
1491257704.99.jpg,381.0
1491257705.68.jpg,376.0
1491257706.36.jpg,294.0
1491257707.05.jpg,235.0
1491257707.78.jpg,214.0
1491257708.47.jpg,402.0
1491257709.16.jpg,402.0
1491257709.85.jpg,402.0
1491257710.54.jpg,402.0
1491257711.22.jpg,402.0
1491257711.91.jpg,402.0
1491257712.6.jpg,347.0
1491257713.29.jpg,311.0
1491257713.98.jpg,204.0
1491257714.67.jpg,146.0
1491257715.36.jpg,245.0
1491257716.05.jpg,245.0
1491257716.74.jpg,245.0
1491257717.43.jpg,245.0
1491257718.12.jpg,278.0
1491257718.81.jpg,278.0
1491257719.5.jpg,278.0
1491257720.19.jpg,278.0
1491257720.88.jpg,242.0
1491257721.56.jpg,200.0
1491257722.25.jpg,159.0
1491257722.94.jpg,138.0
1491257723.63.jpg,114.0
1491257724.32.jpg,96.0
1491257725.01.jpg,85.0
1491257725.7.jpg,76.0
1491257726.39.jpg,76.0
1491257727.08.jpg,96.0
1491257727.77.jpg,112.0
1491257728.46.jpg,158.0
1491257729.15.jpg,167.0
1491257729.84.jpg,167.0
1491257730.53.jpg,167.0
1491257731.22.jpg,167.0
1491257731.9.jpg,193.0
1491257732.59.jpg,193.0
1491257733.28.jpg,193.0
1491257733.97.jpg,193.0
1491257734.66.jpg,193.0
1491257735.35.jpg,193.0
1491257736.04.jpg,193.0
1491257736.73.jpg,193.0
1491257737.42.jpg,193.0
1491257738.11.jpg,193.0
1491257738.8.jpg,193.0
1491257739.49.jpg,193.0
1491257740.18.jpg,231.0
1491257740.87.jpg,272.0
1491257741.56.jpg,283.0
1491257742.24.jpg,296.0
1491257742.93.jpg,296.0
1491257743.62.jpg,296.0
1491257744.31.jpg,245.0
1491257745.0.jpg,245.0
1491257745.69.jpg,245.0
1491257746.38.jpg,278.0
1491257747.07.jpg,291.0
1491257747.76.jpg,331.0
1491257748.51.jpg,334.0
1491257749.2.jpg,325.0
1491257749.89.jpg,309.0
1491257750.58.jpg,309.0
1491257751.27.jpg,299.0
1491257751.96.jpg,299.0
1491257752.66.jpg,352.0
1491257753.34.jpg,318.0
1491257754.03.jpg,296.0
1491257754.72.jpg,296.0
1491257755.41.jpg,358.0
1491257756.1.jpg,359.0
1491257756.79.jpg,371.0
1491257757.48.jpg,371.0
1491257758.17.jpg,371.0
1491257758.85.jpg,371.0
1491257759.54.jpg,371.0
1491257760.23.jpg,371.0
1491257760.92.jpg,371.0
1491257761.61.jpg,371.0
1491257762.3.jpg,371.0
1491257763.01.jpg,407.0
1491257763.71.jpg,409.0
1491257764.4.jpg,392.0
1491257765.09.jpg,392.0
1491257765.78.jpg,392.0
1491257766.47.jpg,392.0
1491257767.16.jpg,392.0
1491257767.85.jpg,392.0
1491257768.54.jpg,435.0
1491257769.23.jpg,475.0
1491257769.92.jpg,515.0
1491257770.61.jpg,532.0
1491257771.3.jpg,532.0
1491257771.99.jpg,543.0
1491257772.67.jpg,543.0
1491257773.37.jpg,543.0
1491257774.05.jpg,507.0
1491257774.74.jpg,478.0
1491257775.43.jpg,478.0
1491257776.12.jpg,421.0
1491257776.81.jpg,395.0
1491257777.5.jpg,382.0
1491257778.19.jpg,360.0
1491257778.88.jpg,317.0
1491257779.57.jpg,347.0
1491257780.26.jpg,414.0
1491257780.95.jpg,414.0
1491257781.64.jpg,414.0
1491257782.33.jpg,428.0
1491257783.02.jpg,428.0
1491257783.71.jpg,428.0
1491257784.4.jpg,398.0
1491257785.08.jpg,299.0
1491257785.77.jpg,271.0
1491257786.46.jpg,271.0
1491257787.15.jpg,271.0
1491257787.84.jpg,278.0
1491257788.53.jpg,295.0
1491257789.22.jpg,295.0
1491257789.91.jpg,341.0
1491257790.6.jpg,348.0
1491257791.29.jpg,356.0
1491257791.98.jpg,356.0
1491257792.67.jpg,351.0
1491257793.36.jpg,335.0
1491257794.05.jpg,331.0
1491257794.74.jpg,333.0
1491257795.42.jpg,333.0
1491257796.11.jpg,268.0
1491257796.8.jpg,243.0
1491257797.49.jpg,211.0
1491257798.18.jpg,188.0
1491257798.87.jpg,174.0
1491257799.56.jpg,174.0
1491257800.25.jpg,174.0
1491257800.94.jpg,174.0
1491257801.63.jpg,174.0
1491257802.32.jpg,182.0
1491257803.01.jpg,182.0
1491257803.7.jpg,202.0
1491257804.4.jpg,202.0
1491257805.11.jpg,202.0
1491257805.8.jpg,144.0
1491257806.49.jpg,108.0
1491257807.18.jpg,102.0
1491257807.87.jpg,102.0
1491257808.56.jpg,122.0
1491257809.25.jpg,122.0
1491257809.94.jpg,139.0
1491257810.63.jpg,139.0
1491257811.31.jpg,141.0
1491257812.0.jpg,141.0
1491257812.69.jpg,141.0
1491257813.38.jpg,107.0
1491257814.07.jpg,106.0
1491257814.77.jpg,106.0
1491257815.45.jpg,106.0
1491257816.14.jpg,106.0
1491257816.83.jpg,106.0
1491257817.52.jpg,106.0
1491257818.21.jpg,106.0
1491257818.9.jpg,106.0
1491257819.59.jpg,106.0
1491257820.28.jpg,106.0
1491257820.97.jpg,133.0
1491257821.66.jpg,133.0
1491257822.35.jpg,133.0
1491257823.04.jpg,133.0
1491257823.73.jpg,133.0
1491257824.42.jpg,133.0
1491257825.85.jpg,133.0
1491257826.53.jpg,140.0
1491257827.22.jpg,140.0
1491257827.91.jpg,140.0
1491257828.6.jpg,140.0
1491257829.29.jpg,140.0
1491257829.98.jpg,140.0
1491257830.67.jpg,140.0
1491257831.36.jpg,140.0
1491257832.04.jpg,140.0
1491257832.73.jpg,140.0
1491257833.42.jpg,140.0
1491257834.11.jpg,140.0
1491257834.8.jpg,140.0
1491257835.5.jpg,140.0
1491257836.18.jpg,140.0
1491257836.87.jpg,140.0
1491257837.56.jpg,140.0
1491257838.25.jpg,140.0
1491257838.94.jpg,191.0
1491257839.63.jpg,191.0
1491257840.32.jpg,191.0
1491257841.01.jpg,191.0
1491257841.7.jpg,191.0
1491257842.39.jpg,191.0
1491257843.08.jpg,191.0
1491257843.77.jpg,191.0
1491257844.45.jpg,191.0
1491257845.14.jpg,191.0
1491257845.84.jpg,191.0
1491257846.52.jpg,191.0
1491257847.21.jpg,191.0
1491257847.9.jpg,329.0
1491257848.59.jpg,409.0
1491257849.28.jpg,463.0
1491257849.97.jpg,470.0
1491257850.66.jpg,470.0
1491257851.35.jpg,482.0
1491257852.04.jpg,482.0
1491257852.73.jpg,463.0
1491257853.42.jpg,463.0
1491257854.11.jpg,463.0
1491257854.8.jpg,463.0
1491257855.49.jpg,394.0
1491257856.18.jpg,370.0
1491257856.87.jpg,384.0
1491257857.56.jpg,384.0
1491257858.24.jpg,347.0
1491257858.93.jpg,322.0
1491257859.62.jpg,322.0
1491257860.31.jpg,333.0
1491257861.0.jpg,333.0
1491257861.69.jpg,333.0
1491257862.38.jpg,333.0
1491257863.07.jpg,333.0
1491257863.76.jpg,333.0
1491257864.45.jpg,427.0
1491257865.14.jpg,488.0
1491257865.83.jpg,510.0
1491257866.52.jpg,510.0
1491257867.21.jpg,510.0
1491257867.9.jpg,510.0
1491257868.59.jpg,529.0
1491257869.28.jpg,530.0
1491257869.97.jpg,530.0
1491257870.66.jpg,530.0
1491257871.34.jpg,530.0
1491257872.03.jpg,530.0
1491257872.72.jpg,530.0
1491257873.41.jpg,528.0
1491257874.1.jpg,528.0
1491257874.79.jpg,523.0
1491257875.49.jpg,523.0
1491257876.18.jpg,523.0
1491257876.87.jpg,523.0
1491257877.56.jpg,523.0
1491257878.25.jpg,523.0
1491257878.94.jpg,523.0
1491257879.63.jpg,522.0
1491257880.32.jpg,521.0
1491257881.01.jpg,521.0
1491257881.7.jpg,521.0
1491257882.38.jpg,453.0
1491257883.07.jpg,420.0
1491257883.76.jpg,475.0
1491257884.45.jpg,475.0
1491257885.14.jpg,476.0
1491257885.83.jpg,476.0
1491257886.52.jpg,476.0
1491257887.21.jpg,476.0
1491257887.9.jpg,476.0
1491257888.59.jpg,476.0
1491257889.28.jpg,476.0
1491257889.97.jpg,476.0
1491257890.66.jpg,476.0
1491257891.35.jpg,478.0
1491257892.04.jpg,479.0
1491257892.73.jpg,479.0
1491257893.42.jpg,493.0
1491257894.1.jpg,493.0
1491257894.79.jpg,493.0
1491257895.48.jpg,493.0
1491257896.17.jpg,493.0
1491257896.86.jpg,493.0
1491257897.56.jpg,511.0
1491257898.24.jpg,511.0
1491257898.93.jpg,511.0
1491257899.62.jpg,420.0
1491257900.31.jpg,417.0
1491257901.0.jpg,417.0
1491257901.69.jpg,332.0
1491257902.38.jpg,332.0
1491257903.07.jpg,303.0
1491257903.76.jpg,303.0
1491257904.45.jpg,303.0
1491257905.14.jpg,303.0
1491257905.83.jpg,303.0
1491257906.51.jpg,303.0
1491257907.2.jpg,336.0
1491257907.9.jpg,365.0
1491257908.58.jpg,366.0
1491257909.27.jpg,378.0
1491257909.96.jpg,302.0
1491257910.65.jpg,289.0
1491257911.34.jpg,289.0
1491257912.03.jpg,264.0
1491257912.72.jpg,264.0
1491257913.41.jpg,264.0
1491257914.1.jpg,269.0
1491257914.79.jpg,269.0
1491257915.48.jpg,269.0
1491257916.17.jpg,287.0
1491257916.86.jpg,287.0
1491257917.55.jpg,343.0
1491257918.25.jpg,343.0
1491257918.93.jpg,343.0
1491257919.62.jpg,327.0
1491257920.31.jpg,327.0
1491257921.0.jpg,319.0
1491257921.69.jpg,319.0
1491257922.38.jpg,319.0
1491257923.07.jpg,330.0
1491257923.76.jpg,330.0
1491257924.45.jpg,330.0
1491257925.14.jpg,310.0
1491257925.83.jpg,270.0
1491257926.52.jpg,230.0
1491257927.21.jpg,224.0
1491257927.9.jpg,258.0
1491257928.59.jpg,258.0
1491257929.28.jpg,366.0
1491257929.97.jpg,366.0
1491257930.65.jpg,369.0
1491257931.34.jpg,369.0
1491257932.03.jpg,369.0
1491257932.72.jpg,338.0
1491257933.41.jpg,338.0
1491257934.1.jpg,338.0
1491257934.79.jpg,338.0
1491257935.48.jpg,338.0
1491257936.17.jpg,
1491257936.86.jpg,
1491257937.55.jpg,
1491257938.24.jpg,
1491257938.94.jpg,
1491257939.62.jpg,
1491257940.31.jpg,358.0
1491257941.0.jpg,362.0
1491257941.73.jpg,
1491257942.42.jpg,
1491257943.11.jpg,
1491257943.8.jpg,
1491257944.49.jpg,422.0
1491257945.18.jpg,445.0
1491257945.87.jpg,445.0
1491257946.55.jpg,445.0
1491257947.24.jpg,445.0
1491257947.93.jpg,422.0
1491257948.62.jpg,422.0
1491257949.32.jpg,422.0
1491257950.0.jpg,422.0
1491257950.69.jpg,398.0
1491257951.38.jpg,398.0
1491257952.07.jpg,398.0
1491257952.76.jpg,398.0
1491257953.45.jpg,398.0
1491257954.14.jpg,398.0
1491257954.83.jpg,398.0
1491257955.52.jpg,426.0
1491257956.21.jpg,426.0
1491257956.9.jpg,509.0
1491257957.59.jpg,509.0
1491257958.28.jpg,509.0
1491257958.97.jpg,509.0
1491257959.66.jpg,509.0
1491257960.34.jpg,509.0
1491257961.03.jpg,519.0
1491257961.72.jpg,528.0
1491257962.41.jpg,519.0
1491257963.1.jpg,519.0
1491257963.79.jpg,508.0
1491257964.48.jpg,508.0
1491257965.17.jpg,508.0
1491257965.86.jpg,508.0
1491257966.55.jpg,508.0
1491257967.24.jpg,508.0
1491257967.93.jpg,508.0
1491257968.62.jpg,508.0
1491257969.31.jpg,509.0
1491257970.0.jpg,509.0
1491257970.69.jpg,509.0
1491257971.38.jpg,509.0
1491257972.07.jpg,509.0
1491257972.76.jpg,490.0
1491257973.45.jpg,490.0
1491257974.14.jpg,488.0
1491257974.82.jpg,488.0
1491257975.51.jpg,503.0
1491257976.2.jpg,503.0
1491257976.89.jpg,508.0
1491257977.58.jpg,517.0
1491257978.27.jpg,517.0
1491257978.96.jpg,517.0
1491257979.65.jpg,517.0
1491257980.34.jpg,509.0
1491257981.03.jpg,509.0
1491257981.72.jpg,503.0
1491257982.48.jpg,503.0
1491257983.17.jpg,503.0
1491257983.86.jpg,503.0
1491257984.55.jpg,503.0
1491257985.24.jpg,503.0
1491257985.93.jpg,495.0
1491257986.62.jpg,495.0
1491257987.31.jpg,495.0
1491257988.0.jpg,509.0
1491257988.68.jpg,509.0
1491257989.37.jpg,514.0
1491257990.06.jpg,514.0
1491257990.76.jpg,522.0
1491257991.44.jpg,522.0
1491257992.13.jpg,522.0
1491257992.82.jpg,522.0
1491257993.51.jpg,522.0
1491257994.2.jpg,502.0
1491257994.89.jpg,502.0
1491257995.58.jpg,477.0
1491257996.27.jpg,477.0
1491257996.96.jpg,477.0
1491257997.65.jpg,477.0
1491257998.34.jpg,503.0
1491257999.03.jpg,472.0
1491257999.72.jpg,471.0
1491258000.41.jpg,471.0
1491258001.1.jpg,471.0
1491258001.79.jpg,471.0
1491258002.48.jpg,493.0
1491258003.17.jpg,493.0
1491258003.85.jpg,493.0
1491258004.54.jpg,465.0
1491258005.23.jpg,465.0
1491258005.92.jpg,465.0
1491258006.61.jpg,475.0
1491258007.3.jpg,506.0
1491258007.99.jpg,506.0
1491258008.68.jpg,482.0
1491258009.37.jpg,482.0
1491258010.06.jpg,482.0
1491258010.75.jpg,457.0
1491258011.44.jpg,457.0
1491258012.13.jpg,457.0
1491258012.82.jpg,415.0
1491258013.51.jpg,401.0
1491258014.2.jpg,380.0
1491258014.89.jpg,394.0
1491258015.58.jpg,400.0
1491258016.27.jpg,400.0
1491258016.96.jpg,406.0
1491258017.65.jpg,407.0
1491258018.34.jpg,407.0
1491258019.03.jpg,430.0
1491258019.72.jpg,430.0
1491258020.41.jpg,430.0
1491258021.1.jpg,
1491258021.78.jpg,
1491258022.47.jpg,
1491258023.16.jpg,
1491258023.85.jpg,
1491258024.54.jpg,
1491258025.23.jpg,
1491258025.92.jpg,
1491258026.61.jpg,
1491258027.3.jpg,479.0
1491258028.0.jpg,480.0
1491258028.69.jpg,480.0
1491258029.38.jpg,480.0
1491258030.07.jpg,510.0
1491258030.76.jpg,510.0
1491258031.45.jpg,510.0
1491258032.14.jpg,526.0
1491258032.83.jpg,526.0
1491258033.52.jpg,526.0
1491258034.21.jpg,526.0
1491258034.9.jpg,526.0
1491258035.59.jpg,544.0
1491258036.28.jpg,544.0
1491258036.97.jpg,544.0
1491258037.66.jpg,544.0
1491258038.35.jpg,579.0
1491258039.03.jpg,588.0
1491258039.72.jpg,588.0
1491258040.41.jpg,588.0
1491258041.1.jpg,556.0
1491258041.79.jpg,546.0
1491258042.49.jpg,
1491258043.17.jpg,
1491258043.86.jpg,
1491258044.55.jpg,
1491258045.24.jpg,
1491258045.93.jpg,
1491258046.62.jpg,
1491258047.31.jpg,
1491258048.0.jpg,
1491258048.69.jpg,
1491258049.38.jpg,421.0
1491258050.07.jpg,421.0
1491258050.76.jpg,421.0
1491258051.45.jpg,395.0
1491258052.14.jpg,395.0
1491258052.83.jpg,369.0
1491258053.52.jpg,
1491258054.21.jpg,
1491258054.9.jpg,369.0
1491258055.59.jpg,
1491258056.27.jpg,
1491258056.96.jpg,243.0
1491258057.65.jpg,243.0
1491258058.34.jpg,204.0
1491258059.03.jpg,204.0
1491258059.72.jpg,204.0
1491258060.41.jpg,204.0
1491258061.1.jpg,396.0
1491258061.79.jpg,357.0
1491258062.48.jpg,356.0
1491258063.17.jpg,347.0
1491258063.85.jpg,347.0
1491258064.54.jpg,347.0
1491258065.22.jpg,347.0
1491258065.91.jpg,300.0
1491258066.6.jpg,352.0
1491258067.28.jpg,352.0
1491258067.97.jpg,402.0
1491258068.66.jpg,448.0
1491258069.34.jpg,460.0
1491258070.03.jpg,460.0
1491258070.71.jpg,460.0
1491258071.4.jpg,460.0
1491258072.09.jpg,424.0
1491258072.77.jpg,424.0
1491258073.57.jpg,418.0
1491258074.25.jpg,418.0
1491258074.94.jpg,403.0
1491258075.63.jpg,403.0
1491258076.31.jpg,403.0
1491258077.0.jpg,403.0
1491258077.69.jpg,416.0
1491258078.37.jpg,416.0
1491258079.06.jpg,416.0
1491258079.75.jpg,416.0
1491258080.43.jpg,416.0
1491258081.12.jpg,416.0
1491258081.81.jpg,358.0
1491258082.49.jpg,316.0
1491258083.18.jpg,324.0
1491258083.87.jpg,324.0
1491258084.55.jpg,335.0
1491258085.24.jpg,364.0
1491258085.93.jpg,381.0
1491258086.61.jpg,387.0
1491258087.3.jpg,387.0
1491258087.99.jpg,386.0
1491258088.67.jpg,386.0
1491258089.36.jpg,386.0
1491258090.05.jpg,375.0
1491258090.73.jpg,350.0
1491258091.42.jpg,340.0
1491258092.11.jpg,340.0
1491258092.79.jpg,311.0
1491258093.48.jpg,332.0
1491258094.17.jpg,332.0
1491258094.85.jpg,332.0
1491258095.54.jpg,294.0
1491258096.23.jpg,292.0
1491258096.91.jpg,312.0
1491258097.6.jpg,312.0
1491258098.29.jpg,312.0
1491258098.97.jpg,275.0
1491258099.66.jpg,268.0
1491258100.35.jpg,267.0
1491258101.03.jpg,267.0
1491258101.72.jpg,267.0
1491258102.41.jpg,267.0
1491258103.09.jpg,267.0
1491258103.78.jpg,231.0
1491258104.47.jpg,231.0
1491258105.15.jpg,229.0
1491258105.84.jpg,227.0
1491258106.53.jpg,165.0
1491258107.21.jpg,165.0
1491258107.9.jpg,155.0
1491258108.59.jpg,120.0
1491258109.27.jpg,113.0
1491258109.96.jpg,113.0
1491258110.65.jpg,113.0
1491258111.33.jpg,103.0
1491258112.02.jpg,103.0
1491258112.7.jpg,103.0
1491258113.39.jpg,103.0
1491258114.09.jpg,103.0
1491258114.78.jpg,103.0
1491258115.46.jpg,103.0
1491258116.15.jpg,103.0
1491258116.83.jpg,103.0
1491258117.52.jpg,117.0
1491258118.21.jpg,117.0
1491258118.89.jpg,117.0
1491258119.58.jpg,117.0
1491258120.27.jpg,117.0
1491258120.95.jpg,117.0
1491258121.64.jpg,117.0
1491258122.32.jpg,117.0
1491258123.01.jpg,115.0
1491258123.7.jpg,114.0
1491258124.39.jpg,114.0
1491258125.08.jpg,114.0
1491258125.76.jpg,114.0
1491258126.44.jpg,114.0
1491258127.13.jpg,114.0
1491258127.82.jpg,114.0
1491258128.5.jpg,114.0
1491258129.19.jpg,114.0
1491258129.88.jpg,114.0
1491258130.56.jpg,121.0
1491258131.25.jpg,121.0
1491258131.94.jpg,121.0
1491258132.62.jpg,121.0
1491258133.31.jpg,130.0
1491258134.0.jpg,130.0
1491258134.68.jpg,130.0
1491258135.37.jpg,130.0
1491258136.06.jpg,163.0
1491258136.74.jpg,163.0
1491258137.43.jpg,174.0
1491258138.12.jpg,174.0
1491258138.8.jpg,175.0
1491258139.5.jpg,175.0
1491258140.18.jpg,175.0
1491258140.87.jpg,175.0
1491258141.56.jpg,175.0
1491258142.24.jpg,175.0
1491258142.93.jpg,175.0
1491258143.62.jpg,175.0
1491258144.3.jpg,198.0
1491258144.99.jpg,198.0
1491258145.68.jpg,156.0
1491258146.36.jpg,156.0
1491258147.05.jpg,156.0
1491258147.74.jpg,156.0
1491258148.42.jpg,156.0
1491258149.11.jpg,156.0
1491258149.8.jpg,156.0
1491258150.48.jpg,165.0
1491258151.17.jpg,165.0
1491258151.86.jpg,195.0
1491258152.54.jpg,195.0
1491258153.23.jpg,183.0
1491258153.91.jpg,182.0
1491258154.6.jpg,182.0
1491258155.29.jpg,182.0
1491258155.98.jpg,182.0
1491258156.66.jpg,182.0
1491258157.35.jpg,186.0
1491258158.03.jpg,186.0
1491258158.72.jpg,186.0
1491258159.41.jpg,186.0
1491258160.09.jpg,186.0
1491258160.78.jpg,186.0
1491258161.47.jpg,186.0
1491258162.16.jpg,186.0
1491258162.84.jpg,186.0
1491258163.53.jpg,195.0
1491258164.21.jpg,195.0
1491258164.9.jpg,195.0
1491258165.59.jpg,195.0
1491258166.28.jpg,195.0
1491258166.96.jpg,195.0
1491258167.65.jpg,192.0
1491258168.33.jpg,169.0
1491258169.02.jpg,168.0
1491258169.71.jpg,163.0
1491258170.39.jpg,154.0
1491258171.08.jpg,154.0
1491258171.77.jpg,154.0
1491258172.45.jpg,154.0
1491258173.14.jpg,154.0
1491258173.83.jpg,154.0
1491258174.51.jpg,154.0
1491258175.2.jpg,154.0
1491258175.89.jpg,154.0
1491258176.58.jpg,154.0
1491258177.26.jpg,154.0
1491258177.95.jpg,154.0
1491258178.63.jpg,133.0
1491258179.32.jpg,132.0
1491258180.02.jpg,128.0
1491258180.7.jpg,128.0
1491258181.39.jpg,128.0
1491258182.07.jpg,128.0
1491258182.76.jpg,128.0
1491258183.45.jpg,128.0
1491258184.13.jpg,128.0
1491258184.82.jpg,128.0
1491258185.51.jpg,128.0
1491258186.19.jpg,128.0
1491258186.88.jpg,128.0
1491258187.57.jpg,225.0
1491258188.25.jpg,276.0
1491258188.94.jpg,288.0
1491258189.63.jpg,288.0
1491258190.31.jpg,288.0
1491258191.0.jpg,288.0
1491258191.69.jpg,313.0
1491258192.37.jpg,315.0
1491258193.06.jpg,315.0
1491258193.75.jpg,317.0
1491258194.43.jpg,318.0
1491258195.12.jpg,319.0
1491258195.81.jpg,368.0
1491258196.49.jpg,368.0
1491258197.18.jpg,368.0
1491258197.87.jpg,373.0
1491258198.55.jpg,373.0
1491258199.24.jpg,373.0
1491258199.93.jpg,373.0
1491258200.61.jpg,373.0
1491258201.3.jpg,373.0
1491258201.99.jpg,373.0
1491258202.67.jpg,373.0
1491258203.36.jpg,373.0
1491258204.05.jpg,373.0
1491258204.73.jpg,373.0
1491258205.42.jpg,373.0
1491258206.11.jpg,373.0
1491258206.79.jpg,373.0
1491258207.48.jpg,373.0
1491258208.17.jpg,373.0
1491258208.85.jpg,373.0
1491258209.54.jpg,373.0
1491258210.23.jpg,280.0
1491258210.92.jpg,273.0
1491258211.61.jpg,272.0
1491258212.29.jpg,259.0
1491258212.98.jpg,216.0
1491258213.67.jpg,216.0
1491258214.35.jpg,216.0
1491258215.04.jpg,232.0
1491258215.73.jpg,232.0
1491258216.41.jpg,232.0
1491258217.1.jpg,232.0
1491258217.79.jpg,238.0
1491258218.47.jpg,270.0
1491258219.16.jpg,270.0
1491258219.85.jpg,300.0
1491258220.53.jpg,301.0
1491258221.22.jpg,301.0
1491258221.9.jpg,301.0
1491258222.59.jpg,300.0
1491258223.28.jpg,300.0
1491258223.96.jpg,272.0
1491258224.65.jpg,272.0
1491258225.34.jpg,272.0
1491258226.02.jpg,326.0
1491258226.71.jpg,326.0
1491258227.4.jpg,326.0
1491258228.09.jpg,360.0
1491258228.77.jpg,360.0
1491258229.46.jpg,379.0
1491258230.14.jpg,379.0
1491258230.83.jpg,363.0
1491258231.52.jpg,330.0
1491258232.2.jpg,330.0
1491258232.89.jpg,332.0
1491258233.58.jpg,332.0
1491258234.27.jpg,312.0
1491258234.95.jpg,321.0
1491258235.65.jpg,321.0
1491258236.33.jpg,321.0
1491258237.02.jpg,321.0
1491258237.71.jpg,337.0
1491258238.4.jpg,337.0
1491258239.08.jpg,337.0
1491258239.77.jpg,360.0
1491258240.45.jpg,360.0
1491258241.14.jpg,355.0
1491258241.83.jpg,355.0
1491258242.51.jpg,355.0
1491258243.2.jpg,355.0
1491258243.89.jpg,355.0
1491258244.57.jpg,394.0
1491258245.26.jpg,463.0
1491258245.95.jpg,526.0
1491258246.63.jpg,549.0
1491258247.32.jpg,547.0
1491258248.01.jpg,556.0
1491258248.7.jpg,556.0
1491258249.38.jpg,556.0
1491258250.07.jpg,556.0
1491258250.75.jpg,556.0
1491258251.44.jpg,556.0
1491258252.13.jpg,
1491258252.81.jpg,
1491258253.5.jpg,
1491258254.19.jpg,
1491258254.87.jpg,
1491258255.56.jpg,
1491258256.25.jpg,
1491258256.93.jpg,
1491258257.62.jpg,
1491258258.31.jpg,
1491258259.0.jpg,
1491258259.68.jpg,
1491258260.36.jpg,426.0
1491258261.05.jpg,425.0
1491258261.74.jpg,375.0
1491258262.42.jpg,375.0
1491258263.11.jpg,
1491258263.8.jpg,
1491258264.48.jpg,
1491258265.17.jpg,
1491258265.86.jpg,
1491258266.54.jpg,
1491258267.23.jpg,
1491258267.92.jpg,
1491258268.61.jpg,
1491258269.3.jpg,310.0
1491258269.98.jpg,
1491258270.67.jpg,
1491258271.35.jpg,
1491258272.04.jpg,
1491258272.73.jpg,
1491258273.41.jpg,
1491258274.1.jpg,
1491258274.79.jpg,
1491258275.47.jpg,
1491258276.16.jpg,347.0
1491258276.85.jpg,319.0
1491258277.54.jpg,319.0
1491258278.23.jpg,319.0
1491258278.92.jpg,377.0
1491258279.61.jpg,381.0
1491258280.29.jpg,372.0
1491258280.97.jpg,383.0
1491258281.66.jpg,383.0
1491258282.35.jpg,383.0
1491258283.03.jpg,439.0
1491258283.72.jpg,439.0
1491258284.41.jpg,439.0
1491258285.1.jpg,404.0
1491258285.78.jpg,403.0
1491258286.47.jpg,403.0
1491258287.16.jpg,394.0
1491258287.84.jpg,394.0
1491258288.53.jpg,420.0
1491258289.22.jpg,420.0
1491258289.91.jpg,430.0
1491258290.59.jpg,430.0
1491258291.28.jpg,430.0
1491258291.96.jpg,337.0
1491258292.65.jpg,325.0
1491258293.34.jpg,294.0
1491258294.02.jpg,179.0
1491258294.71.jpg,125.0
1491258295.4.jpg,125.0
1491258296.08.jpg,125.0
1491258296.77.jpg,104.0
1491258297.45.jpg,104.0
1491258298.14.jpg,97.0
1491258298.83.jpg,97.0
1491258299.52.jpg,97.0
1491258300.21.jpg,116.0
1491258300.89.jpg,116.0
1491258301.58.jpg,116.0
1491258302.26.jpg,116.0
1491258302.95.jpg,116.0
1491258303.64.jpg,116.0
1491258304.33.jpg,116.0
1491258305.01.jpg,116.0
1491258305.7.jpg,116.0
1491258306.39.jpg,122.0
1491258307.07.jpg,122.0
1491258307.76.jpg,122.0
1491258308.45.jpg,122.0
1491258309.13.jpg,122.0
1491258309.82.jpg,122.0
1491258310.51.jpg,122.0
1491258311.19.jpg,122.0
1491258311.88.jpg,122.0
1491258312.57.jpg,122.0
1491258313.25.jpg,122.0
1491258313.94.jpg,122.0
1491258314.63.jpg,122.0
1491258315.31.jpg,122.0
1491258316.0.jpg,122.0
1491258316.69.jpg,122.0
1491258317.37.jpg,144.0
1491258318.06.jpg,161.0
1491258318.75.jpg,162.0
1491258319.43.jpg,162.0
1491258320.12.jpg,164.0
1491258320.81.jpg,164.0
1491258321.49.jpg,164.0
1491258322.18.jpg,209.0
1491258322.87.jpg,209.0
1491258323.55.jpg,218.0
1491258324.24.jpg,218.0
1491258324.93.jpg,247.0
1491258325.61.jpg,253.0
1491258326.3.jpg,275.0
1491258326.99.jpg,282.0
1491258327.68.jpg,282.0
1491258328.37.jpg,282.0
1491258329.05.jpg,282.0
1491258329.74.jpg,251.0
1491258330.43.jpg,251.0
1491258331.12.jpg,251.0
1491258331.8.jpg,251.0
1491258332.49.jpg,250.0
1491258333.17.jpg,252.0
1491258333.86.jpg,303.0
1491258334.55.jpg,303.0
1491258335.23.jpg,272.0
1491258335.92.jpg,272.0
1491258336.61.jpg,266.0
1491258337.29.jpg,231.0
1491258337.98.jpg,231.0
1491258338.67.jpg,231.0
1491258339.35.jpg,195.0
1491258340.04.jpg,253.0
1491258340.73.jpg,280.0
1491258341.42.jpg,296.0
1491258342.1.jpg,223.0
1491258342.79.jpg,180.0
1491258343.47.jpg,180.0
1491258344.16.jpg,180.0
1491258344.85.jpg,180.0
1491258345.53.jpg,184.0
1491258346.22.jpg,184.0
1491258346.91.jpg,194.0
1491258347.59.jpg,194.0
1491258348.28.jpg,249.0
1491258348.97.jpg,256.0
1491258349.65.jpg,256.0
1491258350.34.jpg,286.0
1491258351.03.jpg,280.0
1491258351.72.jpg,280.0
1491258352.41.jpg,280.0
1491258353.09.jpg,280.0
1491258353.78.jpg,280.0
1491258354.47.jpg,280.0
1491258355.15.jpg,
1491258355.84.jpg,
1491258356.53.jpg,
1491258357.21.jpg,
1491258357.9.jpg,
1491258358.59.jpg,
1491258359.27.jpg,278.0
1491258359.96.jpg,278.0
1491258360.65.jpg,278.0
1491258361.33.jpg,278.0
1491258362.02.jpg,278.0
1491258362.71.jpg,278.0
1491258363.4.jpg,278.0
1491258364.08.jpg,
1491258364.77.jpg,
1491258365.46.jpg,
1491258366.14.jpg,
1491258366.83.jpg,
1491258367.52.jpg,
1491258368.2.jpg,
1491258368.89.jpg,
1491258369.58.jpg,
1491258370.26.jpg,
1491258370.95.jpg,
1491258371.64.jpg,
1491258373.06.jpg,
1491258373.74.jpg,
1491258374.43.jpg,
1491258375.12.jpg,
1491258375.8.jpg,
1491258376.49.jpg,
1491258377.18.jpg,
1491258377.86.jpg,
1491258378.55.jpg,
1491258379.24.jpg,
1491258379.93.jpg,
1491258380.61.jpg,
1491258381.3.jpg,278.0
1491258381.98.jpg,
1491258382.68.jpg,
1491258383.36.jpg,
1491258384.05.jpg,
1491258384.73.jpg,
1491258385.42.jpg,
1491258386.11.jpg,
1491258386.79.jpg,
1491258387.48.jpg,
1491258388.16.jpg,
1491258388.85.jpg,
1491258389.54.jpg,
1491258390.23.jpg,
1491258390.91.jpg,
1491258391.6.jpg,
1491258392.28.jpg,
1491258392.99.jpg,
1491258393.67.jpg,
1491258394.35.jpg,
1491258395.04.jpg,
1491258395.73.jpg,
1491258396.41.jpg,
1491258397.1.jpg,
1491258397.79.jpg,
1491258398.47.jpg,
1491258399.16.jpg,289.0
1491258399.85.jpg,289.0
1491258400.53.jpg,289.0
1491258401.22.jpg,289.0
1491258401.91.jpg,289.0
1491258402.59.jpg,289.0
1491258403.28.jpg,289.0
1491258403.97.jpg,289.0
1491258404.65.jpg,289.0
1491258405.34.jpg,289.0
1491258406.03.jpg,289.0
1491258406.71.jpg,289.0
1491258407.4.jpg,289.0
1491258408.09.jpg,289.0
1491258408.77.jpg,290.0
1491258409.46.jpg,290.0
1491258410.15.jpg,290.0
1491258410.83.jpg,318.0
1491258411.52.jpg,361.0
1491258412.21.jpg,388.0
1491258412.89.jpg,394.0
1491258413.58.jpg,366.0
1491258414.27.jpg,365.0
1491258414.95.jpg,365.0
1491258415.64.jpg,365.0
1491258416.33.jpg,365.0
1491258417.01.jpg,337.0
1491258417.7.jpg,246.0
1491258418.39.jpg,205.0
1491258419.07.jpg,205.0
1491258419.76.jpg,205.0
1491258420.45.jpg,203.0
1491258421.13.jpg,185.0
1491258421.82.jpg,184.0
1491258422.51.jpg,141.0
1491258423.19.jpg,141.0
1491258423.88.jpg,128.0
1491258424.57.jpg,82.0
1491258425.25.jpg,82.0
1491258425.94.jpg,85.0
1491258426.63.jpg,86.0
1491258427.31.jpg,86.0
1491258428.0.jpg,86.0
1491258428.69.jpg,86.0
1491258429.37.jpg,86.0
1491258430.06.jpg,86.0
1491258430.75.jpg,86.0
1491258431.43.jpg,86.0
1491258432.12.jpg,86.0
1491258432.81.jpg,86.0
1491258433.49.jpg,103.0
1491258434.18.jpg,103.0
1491258434.87.jpg,105.0
1491258435.55.jpg,105.0
1491258436.24.jpg,105.0
1491258436.93.jpg,105.0
1491258437.61.jpg,105.0
1491258438.3.jpg,105.0
1491258438.99.jpg,117.0
1491258439.68.jpg,117.0
1491258440.37.jpg,117.0
1491258441.05.jpg,120.0
1491258441.74.jpg,120.0
1491258442.43.jpg,120.0
1491258443.11.jpg,120.0
1491258443.8.jpg,125.0
1491258444.49.jpg,125.0
1491258445.17.jpg,125.0
1491258445.86.jpg,125.0
1491258446.55.jpg,125.0
1491258447.23.jpg,159.0
1491258447.92.jpg,159.0
1491258448.61.jpg,159.0
1491258449.29.jpg,159.0
1491258449.98.jpg,160.0
1491258450.67.jpg,160.0
1491258451.35.jpg,160.0
1491258452.04.jpg,160.0
1491258452.73.jpg,171.0
1491258453.41.jpg,171.0
1491258454.1.jpg,171.0
1491258454.79.jpg,171.0
1491258455.47.jpg,183.0
1491258456.16.jpg,183.0
1491258456.85.jpg,209.0
1491258457.53.jpg,233.0
1491258458.22.jpg,270.0
1491258458.91.jpg,281.0
1491258459.6.jpg,281.0
1491258460.28.jpg,281.0
1491258460.97.jpg,291.0
1491258461.66.jpg,291.0
1491258462.34.jpg,291.0
1491258463.03.jpg,334.0
1491258463.72.jpg,384.0
1491258464.4.jpg,384.0
1491258465.1.jpg,384.0
1491258465.78.jpg,351.0
1491258466.46.jpg,420.0
1491258467.15.jpg,420.0
1491258467.84.jpg,410.0
1491258468.52.jpg,410.0
1491258469.21.jpg,410.0
1491258469.9.jpg,437.0
1491258470.58.jpg,437.0
1491258471.27.jpg,437.0
1491258471.96.jpg,437.0
1491258472.64.jpg,437.0
1491258473.33.jpg,442.0
1491258474.02.jpg,442.0
1491258474.7.jpg,442.0
1491258475.39.jpg,442.0
1491258476.08.jpg,442.0
1491258476.76.jpg,442.0
1491258477.45.jpg,442.0
1491258478.14.jpg,461.0
1491258478.82.jpg,461.0
1491258479.51.jpg,461.0
1491258480.2.jpg,461.0
1491258480.88.jpg,315.0
1491258481.57.jpg,306.0
1491258482.26.jpg,305.0
1491258482.94.jpg,251.0
1491258483.63.jpg,214.0
1491258484.32.jpg,172.0
1491258485.01.jpg,172.0
1491258485.7.jpg,167.0
1491258486.38.jpg,158.0
1491258487.07.jpg,158.0
1491258487.75.jpg,135.0
1491258488.44.jpg,135.0
1491258489.13.jpg,257.0
1491258489.81.jpg,200.0
1491258490.5.jpg,200.0
1491258491.19.jpg,200.0
1491258491.88.jpg,200.0
1491258492.56.jpg,200.0
1491258493.25.jpg,211.0
1491258493.94.jpg,211.0
1491258494.62.jpg,211.0
1491258495.31.jpg,211.0
1491258496.0.jpg,211.0
1491258496.68.jpg,228.0
1491258497.37.jpg,228.0
1491258498.06.jpg,228.0
1491258498.74.jpg,228.0
1491258499.43.jpg,228.0
1491258500.12.jpg,187.0
1491258500.8.jpg,187.0
1491258501.49.jpg,187.0
1491258502.18.jpg,187.0
1491258502.86.jpg,208.0
1491258503.55.jpg,235.0
1491258504.24.jpg,235.0
1491258504.93.jpg,235.0
1491258505.61.jpg,245.0
1491258506.31.jpg,245.0
1491258506.99.jpg,245.0
1491258507.67.jpg,245.0
1491258508.36.jpg,245.0
1491258509.05.jpg,245.0
1491258509.73.jpg,245.0
1491258510.42.jpg,277.0
1491258511.11.jpg,277.0
1491258511.79.jpg,304.0
1491258512.48.jpg,344.0
1491258513.17.jpg,344.0
1491258513.85.jpg,360.0
1491258514.54.jpg,360.0
1491258515.23.jpg,376.0
1491258515.91.jpg,393.0
1491258516.6.jpg,393.0
1491258517.29.jpg,338.0
1491258517.97.jpg,347.0
1491258518.66.jpg,347.0
1491258519.35.jpg,347.0
1491258520.03.jpg,347.0
1491258520.72.jpg,347.0
1491258521.41.jpg,347.0
1491258522.09.jpg,347.0
1491258522.78.jpg,347.0
1491258523.47.jpg,347.0
1491258524.15.jpg,377.0
1491258524.84.jpg,377.0
1491258525.53.jpg,377.0
1491258526.22.jpg,377.0
1491258526.91.jpg,391.0
1491258527.59.jpg,391.0
1491258528.28.jpg,391.0
1491258528.96.jpg,391.0
1491258529.65.jpg,391.0
1491258530.34.jpg,391.0
1491258531.02.jpg,391.0
1491258531.71.jpg,357.0
1491258532.4.jpg,364.0
1491258533.08.jpg,452.0
1491258533.77.jpg,519.0
1491258534.46.jpg,575.0
1491258535.14.jpg,585.0
1491258535.83.jpg,585.0
1491258536.52.jpg,585.0
1491258537.21.jpg,585.0
1491258537.89.jpg,585.0
1491258538.58.jpg,585.0
1491258539.26.jpg,564.0
1491258539.95.jpg,564.0
1491258540.63.jpg,564.0
1491258541.32.jpg,556.0
1491258542.01.jpg,556.0
1491258542.69.jpg,556.0
1491258543.38.jpg,511.0
1491258544.07.jpg,466.0
1491258544.75.jpg,448.0
1491258545.44.jpg,416.0
1491258546.13.jpg,
1491258647.29.jpg,
1491258647.95.jpg,
1491258648.61.jpg,
1491258649.27.jpg,
1491258649.93.jpg,
1491258650.59.jpg,
1491258651.24.jpg,
1491258651.9.jpg,
1491258652.56.jpg,
1491258653.22.jpg,
1491258653.88.jpg,
1491258654.54.jpg,
1491258655.23.jpg,
1491258655.91.jpg,
1491258656.6.jpg,
1491258657.28.jpg,
1491258657.97.jpg,
1491258658.66.jpg,
1491258659.34.jpg,
1491258660.03.jpg,
1491258660.72.jpg,
1491258661.4.jpg,
1491258662.09.jpg,
1491258662.78.jpg,
1491258663.46.jpg,
1491258664.15.jpg,
1491258664.84.jpg,
1491258665.52.jpg,
1491258666.21.jpg,
1491258666.9.jpg,446.0
1491258667.58.jpg,446.0
1491258668.52.jpg,446.0
1491258669.21.jpg,427.0
1491258669.89.jpg,372.0
1491258670.58.jpg,329.0
1491258671.27.jpg,329.0
1491258671.95.jpg,329.0
1491258672.64.jpg,329.0
1491258673.33.jpg,272.0
1491258674.01.jpg,241.0
1491258674.7.jpg,241.0
1491258675.39.jpg,240.0
1491258676.07.jpg,233.0
1491258676.76.jpg,234.0
1491258677.45.jpg,234.0
1491258678.14.jpg,234.0
1491258678.82.jpg,234.0
1491258679.51.jpg,250.0
1491258680.19.jpg,250.0
1491258680.88.jpg,250.0
1491258681.57.jpg,250.0
1491258682.25.jpg,250.0
1491258682.94.jpg,250.0
1491258683.63.jpg,250.0
1491258684.31.jpg,250.0
1491258685.0.jpg,250.0
1491258685.69.jpg,250.0
1491258686.37.jpg,250.0
1491258687.06.jpg,250.0
1491258687.75.jpg,250.0
1491258688.87.jpg,250.0
1491258689.55.jpg,369.0
1491258690.24.jpg,369.0
1491258690.93.jpg,409.0
1491258691.61.jpg,409.0
1491258692.3.jpg,416.0
1491258692.98.jpg,416.0
1491258693.67.jpg,416.0
1491258694.36.jpg,418.0
1491258695.04.jpg,432.0
1491258695.73.jpg,547.0
1491258696.42.jpg,462.0
1491258697.1.jpg,462.0
1491258697.79.jpg,462.0
1491258698.48.jpg,462.0
1491258699.16.jpg,462.0
1491258699.85.jpg,462.0
1491258700.54.jpg,462.0
1491258701.22.jpg,512.0
1491258701.91.jpg,512.0
1491258702.6.jpg,517.0
1491258703.28.jpg,517.0
1491258703.97.jpg,517.0
1491258704.66.jpg,502.0
1491258705.34.jpg,491.0
1491258706.03.jpg,489.0
1491258706.72.jpg,489.0
1491258707.4.jpg,489.0
1491258708.09.jpg,489.0
1491258708.92.jpg,491.0
1491258709.6.jpg,491.0
1491258710.28.jpg,491.0
1491258710.97.jpg,506.0
1491258711.66.jpg,507.0
1491258712.34.jpg,513.0
1491258713.03.jpg,522.0
1491258713.72.jpg,522.0
1491258714.4.jpg,559.0
1491258715.09.jpg,559.0
1491258715.78.jpg,559.0
1491258716.46.jpg,
1491258717.15.jpg,
1491258717.84.jpg,
1491258718.52.jpg,
1491258719.21.jpg,559.0
1491258719.9.jpg,
1491258720.58.jpg,
1491258721.27.jpg,
1491258721.96.jpg,
1491258722.64.jpg,
1491258723.33.jpg,
1491258724.02.jpg,
1491258724.7.jpg,
1491258725.39.jpg,
1491258726.08.jpg,
1491258726.76.jpg,
1491258727.45.jpg,
1491258728.14.jpg,
1491258728.82.jpg,
1491258729.52.jpg,
1491258730.2.jpg,
1491258730.88.jpg,
1491258731.57.jpg,
1491258732.26.jpg,
1491258732.94.jpg,
1491258733.63.jpg,
1491258734.32.jpg,
1491258735.0.jpg,
1491258735.69.jpg,
1491258736.38.jpg,
1491258737.06.jpg,
1491258737.75.jpg,
1491258738.44.jpg,
1491258739.12.jpg,
1491258739.82.jpg,
1491258740.5.jpg,
1491258741.18.jpg,
1491258741.87.jpg,
1491258742.56.jpg,
1491258743.24.jpg,
1491258743.93.jpg,
1491258744.62.jpg,
1491258745.3.jpg,
1491258745.99.jpg,
1491258746.68.jpg,
1491258747.36.jpg,
1491258748.05.jpg,
1491258748.74.jpg,
1491258749.42.jpg,
1491258750.11.jpg,
1491258750.8.jpg,
1491258751.48.jpg,
1491258752.17.jpg,
1491258752.86.jpg,
1491258753.54.jpg,
1491258754.23.jpg,
1491258754.92.jpg,
1491258755.6.jpg,
1491258756.29.jpg,
1491258756.98.jpg,
1491258757.66.jpg,
1491258758.35.jpg,
1491258759.04.jpg,
1491258759.72.jpg,
1491258760.41.jpg,
1491258761.1.jpg,
1491258761.78.jpg,
1491258762.47.jpg,
1491258763.16.jpg,
1491258763.84.jpg,
1491258764.53.jpg,
1491258765.22.jpg,476.0
1491258765.9.jpg,477.0
1491258766.59.jpg,476.0
1491258767.28.jpg,476.0
1491258767.96.jpg,471.0
1491258768.65.jpg,471.0
1491258769.34.jpg,471.0
1491258770.03.jpg,471.0
1491258770.72.jpg,497.0
1491258771.4.jpg,497.0
1491258772.09.jpg,497.0
1491258772.78.jpg,498.0
1491258773.46.jpg,481.0
1491258774.15.jpg,479.0
1491258774.84.jpg,481.0
1491258775.52.jpg,482.0
1491258776.21.jpg,482.0
1491258776.9.jpg,482.0
1491258777.59.jpg,516.0
1491258778.27.jpg,518.0
1491258778.96.jpg,525.0
1491258779.65.jpg,525.0
1491258780.33.jpg,525.0
1491258781.02.jpg,525.0
1491258781.71.jpg,528.0
1491258782.39.jpg,483.0
1491258783.08.jpg,469.0
1491258783.77.jpg,423.0
1491258784.45.jpg,407.0
1491258785.14.jpg,406.0
1491258785.83.jpg,406.0
1491258786.51.jpg,386.0
1491258787.2.jpg,380.0
1491258787.89.jpg,380.0
1491258788.57.jpg,369.0
1491258789.26.jpg,342.0
1491258790.11.jpg,342.0
1491258790.8.jpg,330.0
1491258791.49.jpg,303.0
1491258792.17.jpg,299.0
1491258792.86.jpg,299.0
1491258793.55.jpg,299.0
1491258794.23.jpg,284.0
1491258794.92.jpg,284.0
1491258795.61.jpg,294.0
1491258796.29.jpg,294.0
1491258796.98.jpg,290.0
1491258797.66.jpg,281.0
1491258798.35.jpg,279.0
1491258799.04.jpg,279.0
1491258799.72.jpg,248.0
1491258800.41.jpg,227.0
1491258801.1.jpg,209.0
1491258801.79.jpg,208.0
1491258802.47.jpg,208.0
1491258803.16.jpg,208.0
1491258803.84.jpg,184.0
1491258804.53.jpg,184.0
1491258805.22.jpg,177.0
1491258805.9.jpg,127.0
1491258806.59.jpg,101.0
1491258807.28.jpg,101.0
1491258807.96.jpg,101.0
1491258808.65.jpg,101.0
1491258809.34.jpg,147.0
1491258810.02.jpg,147.0
1491258810.71.jpg,147.0
1491258811.4.jpg,147.0
1491258812.09.jpg,180.0
1491258812.77.jpg,180.0
1491258813.46.jpg,189.0
1491258814.15.jpg,160.0
1491258814.83.jpg,160.0
1491258815.52.jpg,160.0
1491258816.21.jpg,160.0
1491258816.89.jpg,160.0
1491258817.58.jpg,160.0
1491258818.27.jpg,135.0
1491258818.95.jpg,139.0
1491258819.64.jpg,139.0
1491258820.32.jpg,177.0
1491258821.01.jpg,178.0
1491258821.7.jpg,256.0
1491258822.39.jpg,376.0
1491258823.07.jpg,476.0
1491258823.76.jpg,573.0
1491258824.44.jpg,563.0
1491258825.13.jpg,541.0
1491258825.82.jpg,541.0
1491258826.5.jpg,541.0
1491258827.19.jpg,541.0
1491258827.88.jpg,545.0
1491258828.57.jpg,545.0
1491258829.25.jpg,545.0
1491258829.94.jpg,574.0
1491258830.62.jpg,575.0
1491258831.31.jpg,593.0
1491258832.0.jpg,593.0
1491258832.69.jpg,593.0
1491258833.37.jpg,593.0
1491258834.06.jpg,593.0
1491258834.74.jpg,593.0
1491258835.43.jpg,593.0
1491258836.12.jpg,593.0
1491258836.8.jpg,595.0
1491258837.49.jpg,595.0
1491258838.18.jpg,598.0
1491258838.86.jpg,598.0
1491258839.55.jpg,598.0
1491258840.24.jpg,598.0
1491258840.92.jpg,598.0
1491258841.61.jpg,593.0
1491258842.3.jpg,575.0
1491258842.99.jpg,551.0
1491258843.67.jpg,569.0
1491258844.35.jpg,570.0
1491258845.04.jpg,570.0
1491258845.73.jpg,570.0
1491258846.41.jpg,570.0
1491258847.1.jpg,570.0
1491258847.79.jpg,570.0
1491258848.47.jpg,570.0
1491258849.16.jpg,570.0
1491258849.85.jpg,548.0
1491258850.54.jpg,516.0
1491258851.23.jpg,479.0
1491258851.91.jpg,450.0
1491258852.6.jpg,432.0
1491258853.29.jpg,432.0
1491258853.97.jpg,432.0
1491258854.66.jpg,432.0
1491258855.35.jpg,432.0
1491258856.03.jpg,504.0
1491258856.72.jpg,504.0
1491258857.41.jpg,504.0
1491258858.09.jpg,504.0
1491258858.78.jpg,504.0
1491258859.47.jpg,504.0
1491258860.15.jpg,504.0
1491258860.84.jpg,504.0
1491258861.53.jpg,504.0
1491258862.21.jpg,490.0
1491258862.9.jpg,490.0
1491258863.59.jpg,490.0
1491258864.27.jpg,490.0
1491258864.96.jpg,490.0
1491258865.65.jpg,490.0
1491258866.33.jpg,490.0
1491258867.02.jpg,490.0
1491258867.71.jpg,490.0
1491258868.39.jpg,490.0
1491258869.08.jpg,490.0
1491258869.77.jpg,490.0
1491258870.45.jpg,490.0
1491258871.14.jpg,490.0
1491258871.83.jpg,498.0
1491258872.51.jpg,506.0
1491258873.2.jpg,506.0
1491258873.89.jpg,506.0
1491258874.57.jpg,539.0
1491258875.26.jpg,556.0
1491258875.95.jpg,556.0
1491258876.64.jpg,556.0
1491258877.33.jpg,556.0
1491258878.01.jpg,556.0
1491258878.7.jpg,556.0
1491258879.39.jpg,556.0
1491258880.07.jpg,556.0
1491258880.76.jpg,552.0
1491258881.45.jpg,552.0
1491258882.13.jpg,552.0
1491258882.82.jpg,552.0
1491258883.51.jpg,551.0
1491258884.2.jpg,547.0
1491258884.88.jpg,544.0
1491258885.57.jpg,542.0
1491258886.25.jpg,542.0
1491258886.94.jpg,517.0
1491258887.63.jpg,517.0
1491258888.31.jpg,500.0
1491258889.0.jpg,495.0
1491258889.69.jpg,495.0
1491258890.37.jpg,469.0
1491258891.06.jpg,423.0
1491258891.75.jpg,417.0
1491258892.43.jpg,415.0
1491258893.12.jpg,415.0
1491258893.81.jpg,415.0
1491258894.5.jpg,464.0
1491258895.18.jpg,464.0
1491258895.87.jpg,464.0
1491258896.55.jpg,464.0
1491258897.24.jpg,478.0
1491258897.93.jpg,478.0
1491258898.61.jpg,478.0
1491258899.3.jpg,488.0
1491258899.99.jpg,488.0
1491258900.67.jpg,432.0
1491258901.37.jpg,380.0
1491258902.06.jpg,380.0
1491258902.75.jpg,353.0
1491258903.44.jpg,353.0
1491258904.12.jpg,352.0
1491258904.81.jpg,374.0
1491258905.5.jpg,352.0
1491258906.18.jpg,351.0
1491258906.87.jpg,351.0
1491258907.56.jpg,351.0
1491258908.24.jpg,351.0
1491258908.93.jpg,344.0
1491258909.62.jpg,338.0
1491258910.3.jpg,338.0
1491258910.99.jpg,338.0
1491258911.68.jpg,380.0
1491258912.36.jpg,380.0
1491258913.05.jpg,380.0
1491258913.74.jpg,373.0
1491258914.42.jpg,342.0
1491258915.11.jpg,341.0
1491258915.8.jpg,341.0
1491258916.48.jpg,365.0
1491258917.17.jpg,365.0
1491258917.86.jpg,365.0
1491258918.54.jpg,290.0
1491258919.23.jpg,244.0
1491258919.92.jpg,191.0
1491258920.6.jpg,191.0
1491258921.29.jpg,198.0
1491258921.98.jpg,199.0
1491258922.66.jpg,203.0
1491258923.35.jpg,217.0
1491258924.03.jpg,217.0
1491258924.72.jpg,264.0
1491258925.41.jpg,257.0
1491258926.09.jpg,257.0
1491258926.79.jpg,257.0
1491258927.47.jpg,320.0
1491258928.16.jpg,252.0
1491258928.85.jpg,251.0
1491258929.53.jpg,251.0
1491258930.22.jpg,251.0
1491258930.91.jpg,251.0
1491258931.59.jpg,226.0
1491258932.28.jpg,226.0
1491258932.97.jpg,358.0
1491258933.65.jpg,389.0
1491258934.34.jpg,452.0
1491258935.03.jpg,506.0
1491258935.72.jpg,556.0
1491258936.4.jpg,547.0
1491258937.09.jpg,546.0
1491258937.77.jpg,546.0
1491258938.46.jpg,578.0
1491258939.15.jpg,578.0
1491258939.83.jpg,579.0
1491258940.52.jpg,579.0
1491258941.21.jpg,579.0
1491258941.89.jpg,579.0
1491258942.58.jpg,579.0
1491258943.27.jpg,579.0
1491258943.95.jpg,579.0
1491258944.64.jpg,578.0
1491258945.32.jpg,578.0
1491258946.02.jpg,578.0
1491258946.7.jpg,578.0
1491258947.42.jpg,559.0
1491258948.1.jpg,559.0
1491258948.79.jpg,559.0
1491258949.48.jpg,559.0
1491258950.16.jpg,559.0
1491258950.85.jpg,559.0
1491258951.54.jpg,559.0
1491258952.22.jpg,559.0
1491258952.91.jpg,559.0
1491258953.6.jpg,559.0
1491258954.29.jpg,563.0
1491258954.97.jpg,563.0
1491258955.66.jpg,563.0
1491258956.35.jpg,563.0
1491258957.03.jpg,563.0
1491258957.72.jpg,563.0
1491258958.4.jpg,548.0
1491258959.09.jpg,548.0
1491258959.78.jpg,530.0
1491258960.46.jpg,530.0
1491258961.15.jpg,530.0
1491258961.84.jpg,530.0
1491258962.52.jpg,510.0
1491258963.21.jpg,510.0
1491258963.9.jpg,510.0
1491258964.59.jpg,473.0
1491258965.27.jpg,473.0
1491258965.96.jpg,473.0
1491258966.65.jpg,433.0
1491258967.34.jpg,432.0
1491258968.03.jpg,406.0
1491258968.71.jpg,405.0
1491258969.4.jpg,346.0
1491258970.09.jpg,344.0
1491258970.77.jpg,326.0
1491258971.46.jpg,324.0
1491258972.15.jpg,290.0
1491258972.83.jpg,289.0
1491258973.52.jpg,265.0
1491258974.2.jpg,264.0
1491258974.89.jpg,264.0
1491258975.58.jpg,264.0
1491258976.26.jpg,238.0
1491258976.96.jpg,238.0
1491258977.64.jpg,238.0
1491258978.32.jpg,231.0
1491258979.01.jpg,230.0
1491258979.7.jpg,230.0
1491258980.38.jpg,246.0
1491258981.07.jpg,246.0
1491258981.76.jpg,246.0
1491258982.44.jpg,246.0
1491258983.13.jpg,246.0
1491258983.82.jpg,266.0
1491258984.51.jpg,294.0
1491258985.19.jpg,337.0
1491258985.88.jpg,371.0
1491258986.56.jpg,445.0
1491258987.98.jpg,523.0
1491258988.67.jpg,504.0
1491258989.36.jpg,504.0
1491258990.04.jpg,462.0
1491258990.73.jpg,462.0
1491258991.42.jpg,462.0
1491258992.1.jpg,373.0
1491258992.79.jpg,297.0
1491258993.48.jpg,278.0
1491258994.16.jpg,314.0
1491258994.85.jpg,314.0
1491258995.54.jpg,314.0
1491258996.22.jpg,314.0
1491258996.91.jpg,314.0
1491258997.6.jpg,314.0
1491258998.28.jpg,317.0
1491258998.97.jpg,317.0
1491258999.66.jpg,317.0
1491259000.34.jpg,301.0
1491259001.03.jpg,245.0
1491259001.72.jpg,241.0
1491259002.4.jpg,241.0
1491259003.09.jpg,241.0
1491259003.78.jpg,243.0
1491259004.46.jpg,243.0
1491259005.15.jpg,243.0
1491259005.83.jpg,277.0
1491259006.52.jpg,264.0
1491259007.21.jpg,264.0
1491259008.51.jpg,264.0
1491259009.19.jpg,228.0
1491259009.88.jpg,254.0
1491259010.56.jpg,264.0
1491259011.25.jpg,264.0
1491259011.93.jpg,264.0
1491259012.62.jpg,264.0
1491259013.31.jpg,233.0
1491259013.99.jpg,233.0
1491259014.68.jpg,190.0
1491259015.37.jpg,189.0
1491259016.05.jpg,178.0
1491259016.74.jpg,178.0
1491259017.43.jpg,178.0
1491259018.12.jpg,174.0
1491259018.8.jpg,165.0
1491259019.49.jpg,137.0
1491259020.17.jpg,137.0
1491259020.86.jpg,137.0
1491259021.55.jpg,137.0
1491259022.23.jpg,159.0
1491259022.92.jpg,159.0
1491259023.61.jpg,159.0
1491259024.29.jpg,159.0
1491259024.98.jpg,160.0
1491259025.67.jpg,161.0
1491259026.35.jpg,161.0
1491259027.04.jpg,161.0
1491259027.73.jpg,161.0
1491259028.41.jpg,161.0
1491259030.7.jpg,161.0
1491259031.39.jpg,174.0
1491259032.07.jpg,174.0
1491259032.76.jpg,174.0
1491259033.45.jpg,174.0
1491259034.13.jpg,174.0
1491259034.82.jpg,174.0
1491259035.51.jpg,170.0
1491259036.19.jpg,178.0
1491259036.88.jpg,185.0
1491259037.57.jpg,185.0
1491259038.25.jpg,185.0
1491259038.94.jpg,154.0
1491259039.63.jpg,153.0
1491259040.31.jpg,153.0
1491259041.0.jpg,159.0
1491259041.69.jpg,159.0
1491259042.37.jpg,159.0
1491259043.06.jpg,171.0
1491259043.75.jpg,171.0
1491259044.43.jpg,204.0
1491259045.12.jpg,216.0
1491259045.81.jpg,233.0
1491259046.49.jpg,294.0
1491259047.18.jpg,324.0
1491259047.87.jpg,387.0
1491259048.55.jpg,407.0
1491259049.24.jpg,407.0
1491259049.93.jpg,352.0
1491259050.61.jpg,352.0
1491259051.3.jpg,352.0
1491259051.99.jpg,352.0
1491259052.67.jpg,354.0
1491259053.36.jpg,354.0
1491259054.69.jpg,354.0
1491259055.37.jpg,415.0
1491259056.05.jpg,415.0
1491259056.74.jpg,411.0
1491259057.43.jpg,388.0
1491259058.11.jpg,388.0
1491259058.8.jpg,388.0
1491259059.49.jpg,388.0
1491259060.17.jpg,450.0
1491259060.86.jpg,450.0
1491259061.55.jpg,505.0
1491259062.23.jpg,500.0
1491259062.92.jpg,500.0
1491259063.61.jpg,499.0
1491259064.3.jpg,499.0
1491259064.98.jpg,499.0
1491259065.67.jpg,499.0
1491259066.35.jpg,499.0
1491259067.04.jpg,499.0
1491259067.73.jpg,475.0
1491259068.42.jpg,426.0
1491259069.1.jpg,425.0
1491259069.79.jpg,425.0
1491259070.47.jpg,425.0
1491259071.16.jpg,425.0
1491259071.85.jpg,425.0
1491259072.54.jpg,425.0
1491259073.22.jpg,425.0
1491259073.91.jpg,425.0
1491259074.8.jpg,425.0
1491259075.49.jpg,425.0
1491259076.17.jpg,425.0
1491259076.86.jpg,425.0
1491259077.55.jpg,425.0
1491259078.23.jpg,425.0
1491259078.92.jpg,425.0
1491259079.61.jpg,425.0
1491259080.29.jpg,425.0
1491259080.98.jpg,425.0
1491259081.67.jpg,525.0
1491259082.35.jpg,545.0
1491259083.04.jpg,546.0
1491259083.73.jpg,560.0
1491259084.41.jpg,560.0
1491259085.98.jpg,576.0
1491259086.66.jpg,576.0
1491259087.35.jpg,576.0
1491259088.04.jpg,484.0
1491259088.72.jpg,519.0
1491259089.41.jpg,519.0
1491259090.1.jpg,534.0
1491259090.78.jpg,534.0
1491259091.47.jpg,555.0
1491259092.16.jpg,570.0
1491259092.84.jpg,571.0
1491259093.53.jpg,571.0
1491259094.22.jpg,571.0
1491259094.91.jpg,555.0
1491259095.59.jpg,555.0
1491259096.28.jpg,555.0
1491259096.96.jpg,555.0
1491259097.65.jpg,555.0
1491259098.34.jpg,555.0
1491259099.02.jpg,555.0
1491259099.71.jpg,555.0
1491259100.4.jpg,555.0
1491259101.08.jpg,484.0
1491259101.77.jpg,484.0
1491259102.46.jpg,498.0
1491259103.14.jpg,498.0
1491259103.83.jpg,498.0
1491259104.52.jpg,454.0
1491259105.21.jpg,454.0
1491259105.89.jpg,347.0
1491259106.58.jpg,347.0
1491259107.26.jpg,346.0
1491259107.95.jpg,346.0
1491259108.64.jpg,342.0
1491259109.32.jpg,338.0
1491259110.01.jpg,292.0
1491259110.7.jpg,256.0
1491259111.38.jpg,217.0
1491259112.07.jpg,217.0
1491259112.76.jpg,217.0
1491259113.44.jpg,309.0
1491259114.13.jpg,321.0
1491259114.82.jpg,342.0
1491259115.51.jpg,343.0
1491259116.19.jpg,343.0
1491259116.88.jpg,343.0
1491259117.56.jpg,343.0
1491259118.25.jpg,341.0
1491259118.93.jpg,295.0
1491259119.63.jpg,260.0
1491259120.32.jpg,260.0
1491259121.0.jpg,325.0
1491259121.69.jpg,326.0
1491259122.37.jpg,310.0
1491259123.06.jpg,308.0
1491259123.75.jpg,237.0
1491259124.43.jpg,215.0
1491259125.12.jpg,182.0
1491259125.81.jpg,182.0
1491259126.49.jpg,182.0
1491259127.18.jpg,171.0
1491259127.87.jpg,170.0
1491259128.55.jpg,152.0
1491259129.24.jpg,151.0
1491259129.93.jpg,151.0
1491259130.61.jpg,151.0
1491259131.3.jpg,164.0
1491259131.99.jpg,164.0
1491259132.67.jpg,164.0
1491259133.36.jpg,168.0
1491259134.05.jpg,168.0
1491259134.73.jpg,185.0
1491259135.42.jpg,185.0
1491259136.11.jpg,185.0
1491259136.79.jpg,185.0
1491259137.48.jpg,185.0
1491259138.17.jpg,185.0
1491259138.85.jpg,185.0
1491259139.54.jpg,185.0
1491259140.23.jpg,185.0
1491259140.92.jpg,190.0
1491259141.61.jpg,190.0
1491259142.29.jpg,190.0
1491259142.98.jpg,130.0
1491259143.66.jpg,130.0
1491259144.35.jpg,130.0
1491259145.04.jpg,174.0
1491259145.72.jpg,174.0
1491259146.42.jpg,174.0
1491259147.1.jpg,174.0
1491259147.79.jpg,174.0
1491259148.47.jpg,174.0
1491259149.16.jpg,174.0
1491259149.85.jpg,173.0
1491259150.53.jpg,158.0
1491259151.22.jpg,158.0
1491259151.91.jpg,151.0
1491259152.59.jpg,151.0
1491259153.28.jpg,151.0
1491259153.96.jpg,151.0
1491259154.65.jpg,151.0
1491259155.34.jpg,152.0
1491259156.02.jpg,196.0
1491259156.72.jpg,
1491259157.4.jpg,
1491259158.09.jpg,
1491259158.77.jpg,
1491259159.46.jpg,
1491259160.15.jpg,
1491259160.83.jpg,
1491259161.52.jpg,
1491259162.21.jpg,
1491259162.89.jpg,
1491259163.58.jpg,
1491259164.27.jpg,
1491259164.95.jpg,
1491259165.64.jpg,
1491259166.33.jpg,
1491259167.02.jpg,316.0
1491259167.7.jpg,316.0
1491259168.39.jpg,328.0
1491259169.07.jpg,332.0
1491259169.76.jpg,341.0
1491259170.45.jpg,361.0
1491259171.14.jpg,361.0
1491259171.82.jpg,469.0
1491259172.51.jpg,469.0
1491259173.2.jpg,438.0
1491259173.88.jpg,438.0
1491259174.57.jpg,438.0
1491259175.26.jpg,438.0
1491259175.94.jpg,438.0
1491259176.63.jpg,438.0
1491259177.32.jpg,376.0
1491259178.01.jpg,331.0
1491259178.69.jpg,320.0
1491259179.38.jpg,318.0
1491259180.07.jpg,296.0
1491259180.75.jpg,296.0
1491259181.44.jpg,263.0
1491259182.13.jpg,262.0
1491259182.81.jpg,262.0
1491259183.5.jpg,262.0
1491259184.19.jpg,246.0
1491259184.87.jpg,246.0
1491259185.56.jpg,255.0
1491259186.25.jpg,255.0
1491259186.93.jpg,268.0
1491259187.62.jpg,274.0
1491259188.31.jpg,287.0
1491259188.99.jpg,288.0
1491259189.68.jpg,288.0
1491259190.37.jpg,260.0
1491259191.05.jpg,259.0
1491259191.74.jpg,404.0
1491259192.43.jpg,389.0
1491259193.11.jpg,388.0
1491259193.8.jpg,388.0
1491259194.49.jpg,406.0
1491259195.17.jpg,406.0
1491259195.86.jpg,382.0
1491259196.55.jpg,381.0
1491259197.23.jpg,369.0
1491259197.92.jpg,369.0
1491259198.61.jpg,369.0
1491259199.29.jpg,370.0
1491259199.98.jpg,370.0
1491259200.67.jpg,385.0
1491259201.35.jpg,386.0
1491259202.04.jpg,391.0
1491259202.73.jpg,391.0
1491259203.41.jpg,391.0
1491259204.1.jpg,385.0
1491259204.79.jpg,383.0
1491259205.48.jpg,362.0
1491259206.17.jpg,362.0
1491259206.85.jpg,362.0
1491259207.54.jpg,362.0
1491259208.23.jpg,384.0
1491259208.91.jpg,384.0
1491259209.6.jpg,384.0
1491259210.29.jpg,384.0
1491259210.97.jpg,384.0
1491259211.66.jpg,384.0
1491259212.35.jpg,384.0
1491259213.03.jpg,384.0
1491259213.72.jpg,384.0
1491259214.41.jpg,402.0
1491259215.09.jpg,402.0
1491259215.78.jpg,522.0
1491259216.47.jpg,540.0
1491259217.15.jpg,540.0
1491259217.84.jpg,544.0
1491259218.53.jpg,544.0
1491259219.21.jpg,544.0
1491259219.9.jpg,544.0
1491259220.59.jpg,544.0
1491259221.27.jpg,544.0
1491259221.96.jpg,544.0
1491259222.65.jpg,544.0
1491259223.33.jpg,544.0
1491259224.02.jpg,544.0
1491259224.71.jpg,531.0
1491259225.39.jpg,531.0
1491259226.08.jpg,531.0
1491259226.77.jpg,531.0
1491259227.45.jpg,531.0
1491259228.14.jpg,524.0
1491259228.83.jpg,524.0
1491259229.51.jpg,524.0
1491259230.2.jpg,524.0
1491259230.89.jpg,524.0
1491259231.58.jpg,524.0
1491259232.26.jpg,524.0
1491259232.95.jpg,524.0
1491259233.64.jpg,524.0
1491259234.32.jpg,524.0
1491259235.01.jpg,524.0
1491259235.7.jpg,524.0
1491259236.38.jpg,509.0
1491259237.07.jpg,509.0
1491259237.76.jpg,509.0
1491259238.44.jpg,503.0
1491259239.14.jpg,503.0
1491259239.82.jpg,503.0
1491259240.51.jpg,503.0
1491259241.19.jpg,503.0
1491259241.88.jpg,503.0
1491259242.57.jpg,503.0
1491259243.25.jpg,503.0
1491259243.94.jpg,503.0
1491259244.63.jpg,503.0
1491259245.31.jpg,503.0
1491259246.0.jpg,503.0
1491259246.69.jpg,458.0
1491259247.37.jpg,458.0
1491259248.06.jpg,457.0
1491259248.75.jpg,457.0
1491259249.44.jpg,355.0
1491259250.12.jpg,355.0
1491259250.81.jpg,355.0
1491259251.49.jpg,355.0
1491259252.18.jpg,371.0
1491259252.87.jpg,371.0
1491259253.55.jpg,371.0
1491259254.24.jpg,388.0
1491259254.93.jpg,388.0
1491259255.61.jpg,388.0
1491259256.3.jpg,388.0
1491259256.99.jpg,349.0
1491259257.67.jpg,349.0
1491259258.36.jpg,340.0
1491259259.05.jpg,312.0
1491259259.74.jpg,312.0
1491259260.42.jpg,344.0
1491259261.11.jpg,344.0
1491259261.8.jpg,307.0
1491259262.48.jpg,307.0
1491259263.17.jpg,287.0
1491259263.86.jpg,288.0
1491259264.54.jpg,288.0
1491259265.23.jpg,288.0
1491259265.92.jpg,313.0
1491259266.6.jpg,313.0
1491259267.29.jpg,321.0
1491259267.98.jpg,321.0
1491259268.66.jpg,358.0
1491259269.35.jpg,358.0
1491259270.04.jpg,358.0
1491259270.73.jpg,358.0
1491259271.41.jpg,358.0
1491259272.1.jpg,358.0
1491259272.79.jpg,380.0
1491259273.47.jpg,380.0
1491259274.16.jpg,347.0
1491259274.85.jpg,335.0
1491259275.53.jpg,335.0
1491259276.22.jpg,333.0
1491259276.91.jpg,302.0
1491259277.59.jpg,248.0
1491259278.28.jpg,229.0
1491259278.97.jpg,184.0
1491259279.65.jpg,184.0
1491259280.34.jpg,184.0
1491259281.03.jpg,184.0
1491259281.71.jpg,148.0
1491259282.4.jpg,
1491259283.09.jpg,
1491259283.77.jpg,
1491259284.46.jpg,
1491259285.15.jpg,
1491259285.84.jpg,
1491259286.52.jpg,
1491259287.21.jpg,
1491259287.9.jpg,
1491259288.58.jpg,
1491259289.27.jpg,
1491259289.96.jpg,
1491259290.64.jpg,
1491259291.33.jpg,
1491259292.02.jpg,
1491259292.71.jpg,
1491259293.39.jpg,
1491259294.08.jpg,
1491259294.77.jpg,
1491259295.46.jpg,
1491259296.14.jpg,
1491259296.83.jpg,
1491259297.52.jpg,
1491259298.2.jpg,
1491259298.89.jpg,
1491259299.58.jpg,
1491259300.26.jpg,
1491259300.95.jpg,
1491259301.64.jpg,
1491259302.32.jpg,
1491259303.01.jpg,
1491259303.7.jpg,
1491259304.38.jpg,
1491259305.07.jpg,
1491259305.76.jpg,
1491259306.44.jpg,
1491259307.13.jpg,431.0
1491259307.82.jpg,335.0
1491259308.5.jpg,335.0
1491259309.19.jpg,335.0
1491259309.88.jpg,335.0
1491259310.57.jpg,335.0
1491259311.25.jpg,335.0
1491259311.94.jpg,335.0
1491259312.63.jpg,335.0
1491259313.32.jpg,335.0
1491259314.0.jpg,335.0
1491259314.69.jpg,335.0
1491259315.38.jpg,299.0
1491259316.06.jpg,215.0
1491259316.75.jpg,215.0
1491259317.44.jpg,209.0
1491259318.12.jpg,209.0
1491259318.81.jpg,209.0
1491259319.5.jpg,234.0
1491259320.18.jpg,235.0
1491259320.87.jpg,236.0
1491259321.55.jpg,236.0
1491259322.24.jpg,237.0
1491259322.93.jpg,237.0
1491259323.62.jpg,237.0
1491259324.3.jpg,159.0
1491259324.99.jpg,159.0
1491259325.68.jpg,158.0
1491259326.36.jpg,158.0
1491259327.05.jpg,158.0
1491259327.74.jpg,158.0
1491259328.42.jpg,158.0
1491259329.11.jpg,142.0
1491259329.8.jpg,142.0
1491259330.48.jpg,142.0
1491259331.17.jpg,142.0
1491259331.86.jpg,142.0
1491259332.54.jpg,154.0
1491259333.23.jpg,154.0
1491259333.92.jpg,154.0
1491259334.6.jpg,154.0
1491259335.29.jpg,154.0
1491259335.98.jpg,154.0
1491259336.67.jpg,159.0
1491259337.35.jpg,159.0
1491259338.04.jpg,159.0
1491259338.72.jpg,159.0
1491259339.41.jpg,159.0
1491259340.1.jpg,159.0
1491259340.79.jpg,159.0
1491259341.47.jpg,159.0
1491259342.16.jpg,159.0
1491259342.85.jpg,159.0
1491259343.53.jpg,159.0
1491259344.22.jpg,159.0
1491259344.91.jpg,159.0
1491259345.6.jpg,153.0
1491259346.28.jpg,153.0
1491259346.97.jpg,153.0
1491259347.66.jpg,154.0
1491259348.34.jpg,154.0
1491259349.03.jpg,154.0
1491259349.72.jpg,177.0
1491259350.4.jpg,177.0
1491259351.09.jpg,178.0
1491259351.78.jpg,198.0
1491259352.46.jpg,198.0
1491259353.15.jpg,198.0
1491259353.84.jpg,198.0
1491259354.52.jpg,198.0
1491259355.21.jpg,198.0
1491259355.9.jpg,198.0
1491259356.58.jpg,198.0
1491259357.27.jpg,198.0
1491259357.96.jpg,198.0
1491259358.64.jpg,274.0
1491259359.33.jpg,274.0
1491259360.02.jpg,274.0
1491259360.71.jpg,274.0
1491259361.4.jpg,287.0
1491259362.08.jpg,287.0
1491259362.77.jpg,287.0
1491259363.46.jpg,216.0
1491259364.14.jpg,216.0
1491259364.83.jpg,223.0
1491259365.52.jpg,256.0
1491259366.2.jpg,262.0
1491259366.89.jpg,262.0
1491259367.58.jpg,262.0
1491259368.26.jpg,296.0
1491259368.95.jpg,296.0
1491259369.64.jpg,296.0
1491259370.33.jpg,296.0
1491259371.01.jpg,296.0
1491259371.7.jpg,426.0
1491259372.38.jpg,485.0
1491259373.07.jpg,515.0
1491259373.76.jpg,499.0
1491259374.44.jpg,401.0
1491259375.13.jpg,401.0
1491259375.82.jpg,401.0
1491259376.5.jpg,401.0
1491259377.19.jpg,401.0
1491259377.88.jpg,421.0
1491259378.56.jpg,421.0
1491259379.25.jpg,421.0
1491259379.94.jpg,421.0
1491259380.63.jpg,421.0
1491259381.32.jpg,421.0
1491259382.0.jpg,414.0
1491259382.69.jpg,414.0
1491259383.37.jpg,414.0
1491259384.06.jpg,414.0
1491259384.75.jpg,414.0
1491259385.44.jpg,414.0
1491259386.12.jpg,415.0
1491259386.81.jpg,415.0
1491259387.5.jpg,473.0
1491259388.18.jpg,544.0
1491259388.87.jpg,578.0
1491259389.55.jpg,578.0
1491259390.24.jpg,581.0
1491259390.93.jpg,581.0
1491259391.62.jpg,589.0
1491259392.3.jpg,589.0
1491259392.99.jpg,578.0
1491259393.68.jpg,578.0
1491259394.36.jpg,559.0
1491259395.05.jpg,559.0
1491259395.74.jpg,559.0
1491259396.43.jpg,559.0
1491259397.11.jpg,559.0
1491259397.8.jpg,559.0
1491259398.49.jpg,559.0
1491259399.17.jpg,559.0
1491259399.86.jpg,559.0
1491259400.55.jpg,559.0
1491259401.23.jpg,559.0
1491259401.92.jpg,526.0
1491259402.61.jpg,526.0
1491259403.29.jpg,499.0
1491259403.98.jpg,498.0
1491259404.67.jpg,498.0
1491259405.36.jpg,498.0
1491259406.04.jpg,498.0
1491259406.73.jpg,498.0
1491259407.42.jpg,498.0
1491259408.1.jpg,498.0
1491259408.79.jpg,498.0
1491259409.48.jpg,452.0
1491259410.16.jpg,371.0
1491259410.85.jpg,371.0
1491259411.54.jpg,371.0
1491259412.22.jpg,304.0
1491259412.91.jpg,303.0
1491259413.6.jpg,303.0
1491259414.28.jpg,303.0
1491259414.97.jpg,303.0
1491259415.66.jpg,304.0
1491259416.35.jpg,304.0
1491259417.03.jpg,311.0
1491259417.72.jpg,311.0
1491259418.41.jpg,311.0
1491259419.09.jpg,311.0
1491259419.78.jpg,311.0
1491259420.47.jpg,311.0
1491259421.19.jpg,371.0
1491259421.87.jpg,410.0
1491259422.56.jpg,410.0
1491259423.25.jpg,432.0
1491259423.93.jpg,432.0
1491259424.62.jpg,455.0
1491259425.31.jpg,455.0
1491259425.99.jpg,479.0
1491259426.68.jpg,479.0
1491259427.37.jpg,492.0
1491259428.05.jpg,492.0
1491259428.74.jpg,492.0
1491259429.43.jpg,492.0
1491259430.11.jpg,469.0
1491259430.81.jpg,469.0
1491259431.49.jpg,456.0
1491259432.18.jpg,456.0
1491259432.87.jpg,486.0
1491259433.55.jpg,486.0
1491259434.24.jpg,478.0
1491259434.93.jpg,478.0
1491259435.61.jpg,525.0
1491259436.3.jpg,525.0
1491259436.99.jpg,525.0
1491259437.67.jpg,525.0
1491259438.36.jpg,525.0
1491259439.05.jpg,566.0
1491259439.73.jpg,566.0
1491259440.42.jpg,560.0
1491259441.11.jpg,494.0
1491259441.79.jpg,494.0
1491259442.48.jpg,494.0
1491259443.17.jpg,494.0
1491259443.85.jpg,522.0
1491259444.54.jpg,522.0
1491259445.23.jpg,522.0
1491259445.91.jpg,424.0
1491259446.6.jpg,406.0
1491259447.29.jpg,405.0
1491259447.98.jpg,387.0
1491259448.66.jpg,387.0
1491259449.35.jpg,384.0
1491259450.04.jpg,383.0
1491259450.72.jpg,377.0
1491259451.42.jpg,377.0
1491259452.1.jpg,377.0
1491259452.78.jpg,381.0
1491259453.47.jpg,381.0
1491259454.16.jpg,381.0
1491259454.84.jpg,381.0
1491259455.53.jpg,381.0
1491259456.22.jpg,381.0
1491259456.9.jpg,381.0
1491259457.59.jpg,381.0
1491259458.28.jpg,381.0
1491259458.96.jpg,324.0
1491259459.65.jpg,305.0
1491259460.34.jpg,345.0
1491259461.02.jpg,345.0
1491259461.72.jpg,348.0
1491259462.4.jpg,306.0
1491259463.08.jpg,387.0
1491259463.77.jpg,400.0
1491259464.46.jpg,445.0
1491259465.14.jpg,476.0
1491259465.83.jpg,477.0
1491259466.52.jpg,477.0
1491259467.21.jpg,477.0
1491259467.89.jpg,484.0
1491259468.58.jpg,484.0
1491259469.27.jpg,484.0
1491259469.95.jpg,484.0
1491259470.64.jpg,484.0
1491259471.33.jpg,479.0
1491259472.02.jpg,446.0
1491259472.7.jpg,442.0
1491259473.39.jpg,427.0
1491259474.08.jpg,427.0
1491259474.76.jpg,427.0
1491259475.45.jpg,344.0
1491259476.14.jpg,254.0
1491259476.82.jpg,198.0
1491259477.51.jpg,133.0
1491259478.2.jpg,93.0
1491259478.88.jpg,93.0
1491259479.57.jpg,66.0
1491259480.26.jpg,91.0
1491259480.94.jpg,122.0
1491259481.63.jpg,122.0
1491259482.32.jpg,123.0
1491259483.01.jpg,127.0
1491259483.69.jpg,127.0
1491259484.38.jpg,237.0
1491259485.07.jpg,238.0
1491259485.75.jpg,238.0
1491259486.44.jpg,238.0
1491259487.13.jpg,238.0
1491259487.81.jpg,201.0
1491259488.5.jpg,189.0
1491259489.19.jpg,189.0
1491259489.87.jpg,189.0
1491259490.56.jpg,189.0
1491259491.25.jpg,189.0
1491259491.93.jpg,189.0
1491259492.62.jpg,200.0
1491259493.31.jpg,200.0
1491259493.99.jpg,206.0
1491259494.68.jpg,235.0
1491259495.37.jpg,247.0
1491259496.05.jpg,247.0
1491259496.74.jpg,247.0
1491259497.43.jpg,247.0
1491259498.11.jpg,247.0
1491259498.8.jpg,208.0
1491259499.49.jpg,208.0
1491259500.17.jpg,173.0
1491259500.86.jpg,172.0
1491259501.55.jpg,172.0
1491259502.24.jpg,159.0
1491259502.93.jpg,159.0
1491259503.61.jpg,159.0
1491259504.3.jpg,159.0
1491259504.98.jpg,164.0
1491259505.67.jpg,165.0
1491259506.36.jpg,166.0
1491259507.04.jpg,184.0
1491259507.73.jpg,184.0
1491259508.42.jpg,186.0
1491259509.1.jpg,186.0
1491259509.79.jpg,186.0
1491259510.48.jpg,186.0
1491259511.16.jpg,188.0
1491259511.85.jpg,188.0
1491259512.54.jpg,201.0
1491259513.23.jpg,245.0
1491259513.91.jpg,245.0
1491259514.6.jpg,245.0
1491259515.28.jpg,256.0
1491259515.98.jpg,270.0
1491259516.66.jpg,333.0
1491259517.35.jpg,338.0
1491259518.04.jpg,338.0
1491259518.72.jpg,352.0
1491259519.41.jpg,352.0
1491259520.1.jpg,307.0
1491259520.78.jpg,307.0
1491259521.47.jpg,307.0
1491259522.16.jpg,307.0
1491259522.84.jpg,357.0
1491259523.53.jpg,357.0
1491259524.22.jpg,361.0
1491259524.9.jpg,361.0
1491259525.59.jpg,361.0
1491259526.28.jpg,361.0
1491259526.96.jpg,361.0
1491259527.65.jpg,401.0
1491259528.34.jpg,413.0
1491259529.02.jpg,413.0
1491259529.71.jpg,415.0
1491259530.4.jpg,415.0
1491259531.08.jpg,415.0
1491259531.77.jpg,415.0
1491259532.46.jpg,415.0
1491259533.14.jpg,415.0
1491259533.83.jpg,419.0
1491259534.52.jpg,425.0
1491259535.2.jpg,426.0
1491259535.89.jpg,451.0
1491259536.58.jpg,469.0
1491259537.26.jpg,514.0
1491259537.95.jpg,547.0
1491259538.64.jpg,547.0
1491259539.32.jpg,547.0
1491259540.01.jpg,547.0
1491259540.7.jpg,534.0
1491259541.38.jpg,533.0
1491259542.07.jpg,528.0
1491259542.76.jpg,528.0
1491259543.44.jpg,528.0
1491259544.14.jpg,468.0
1491259544.82.jpg,462.0
1491259545.5.jpg,416.0
1491259546.19.jpg,415.0
1491259546.88.jpg,415.0
1491259547.56.jpg,415.0
1491259548.25.jpg,365.0
1491259548.93.jpg,
1491259549.62.jpg,
1491259550.31.jpg,
1491259551.0.jpg,
1491259551.68.jpg,
1491259552.37.jpg,
1491259553.06.jpg,370.0
1491259553.74.jpg,370.0
1491259554.44.jpg,370.0
1491259555.12.jpg,366.0
1491259555.8.jpg,359.0
1491259556.49.jpg,358.0
1491259557.18.jpg,357.0
1491259557.86.jpg,357.0
1491259558.55.jpg,357.0
1491259559.24.jpg,357.0
1491259559.92.jpg,357.0
1491259560.61.jpg,357.0
1491259561.3.jpg,357.0
1491259561.98.jpg,357.0
1491259562.67.jpg,357.0
1491259563.36.jpg,357.0
1491259564.05.jpg,364.0
1491259564.74.jpg,364.0
1491259565.42.jpg,369.0
1491259566.11.jpg,376.0
1491259566.8.jpg,378.0
1491259567.48.jpg,427.0
1491259568.17.jpg,467.0
1491259568.86.jpg,467.0
1491259569.54.jpg,486.0
1491259570.23.jpg,486.0
1491259570.92.jpg,487.0
1491259571.61.jpg,487.0
1491259572.29.jpg,488.0
1491259572.98.jpg,496.0
1491259573.66.jpg,532.0
1491259574.35.jpg,533.0
1491259575.04.jpg,535.0
1491259575.73.jpg,491.0
1491259576.41.jpg,491.0
1491259577.1.jpg,491.0
1491259577.79.jpg,549.0
1491259578.47.jpg,549.0
1491259579.16.jpg,549.0
1491259579.84.jpg,549.0
1491259580.53.jpg,549.0
1491259581.22.jpg,549.0
1491259581.91.jpg,570.0
1491259582.59.jpg,571.0
1491259583.28.jpg,571.0
1491259583.97.jpg,571.0
1491259584.65.jpg,533.0
1491259585.35.jpg,516.0
1491259586.03.jpg,516.0
1491259586.71.jpg,516.0
1491259587.4.jpg,516.0
1491259588.09.jpg,516.0
1491259588.78.jpg,474.0
1491259589.46.jpg,405.0
1491259590.15.jpg,404.0
1491259590.84.jpg,381.0
1491259591.79.jpg,354.0
1491259592.48.jpg,354.0
1491259593.16.jpg,354.0
1491259593.85.jpg,354.0
1491259594.54.jpg,331.0
1491259595.22.jpg,344.0
1491259595.91.jpg,344.0
1491259596.6.jpg,337.0
1491259597.28.jpg,337.0
1491259597.97.jpg,337.0
1491259598.66.jpg,337.0
1491259599.34.jpg,337.0
1491259600.03.jpg,337.0
1491259600.72.jpg,337.0
1491259601.4.jpg,337.0
1491259602.09.jpg,337.0
1491259602.78.jpg,368.0
1491259603.46.jpg,302.0
1491259604.15.jpg,302.0
1491259604.84.jpg,302.0
1491259605.52.jpg,302.0
1491259606.21.jpg,289.0
1491259606.9.jpg,288.0
1491259607.59.jpg,288.0
1491259608.28.jpg,288.0
1491259608.96.jpg,327.0
1491259609.65.jpg,458.0
1491259610.33.jpg,417.0
1491259611.03.jpg,417.0
1491259611.71.jpg,533.0
1491259612.4.jpg,544.0
1491259613.08.jpg,544.0
1491259613.77.jpg,544.0
1491259614.45.jpg,544.0
1491259615.14.jpg,543.0
1491259615.83.jpg,545.0
1491259616.51.jpg,545.0
1491259617.2.jpg,545.0
1491259617.89.jpg,545.0
1491259618.58.jpg,545.0
1491259619.26.jpg,545.0
1491259619.95.jpg,545.0
1491259620.64.jpg,545.0
1491259621.33.jpg,545.0
1491259622.01.jpg,
1491259622.7.jpg,
1491259623.38.jpg,
1491259624.07.jpg,
1491259624.76.jpg,
1491259625.45.jpg,
1491259626.13.jpg,558.0
1491259626.82.jpg,558.0
1491259627.51.jpg,558.0
1491259628.19.jpg,548.0
1491259628.88.jpg,548.0
1491259629.57.jpg,548.0
1491259630.25.jpg,548.0
1491259630.94.jpg,548.0
1491259631.63.jpg,548.0
1491259632.31.jpg,548.0
1491259633.0.jpg,548.0
1491259633.69.jpg,548.0
1491259634.37.jpg,548.0
1491259635.06.jpg,548.0
1491259635.75.jpg,548.0
1491259636.43.jpg,501.0
1491259637.12.jpg,501.0
1491259637.81.jpg,501.0
1491259638.49.jpg,501.0
1491259639.18.jpg,501.0
1491259639.87.jpg,499.0
1491259640.55.jpg,499.0
1491259641.25.jpg,551.0
1491259641.94.jpg,557.0
1491259642.62.jpg,557.0
1491259643.31.jpg,557.0
1491259643.99.jpg,581.0
1491259644.68.jpg,581.0
1491259645.37.jpg,581.0
1491259646.05.jpg,581.0
1491259646.74.jpg,581.0
1491259647.43.jpg,581.0
1491259648.11.jpg,581.0
1491259648.8.jpg,581.0
1491259649.49.jpg,581.0
1491259650.17.jpg,581.0
1491259650.86.jpg,567.0
1491259651.54.jpg,568.0
1491259652.24.jpg,568.0
1491259652.92.jpg,568.0
1491259653.6.jpg,527.0
1491259654.29.jpg,527.0
1491259654.98.jpg,527.0
1491259655.66.jpg,527.0
1491259656.35.jpg,527.0
1491259657.04.jpg,525.0
1491259657.73.jpg,519.0
1491259658.41.jpg,519.0
1491259659.1.jpg,519.0
1491259659.79.jpg,519.0
1491259660.47.jpg,519.0
1491259661.16.jpg,519.0
1491259661.85.jpg,519.0
1491259662.54.jpg,519.0
1491259663.22.jpg,519.0
1491259663.91.jpg,519.0
1491259664.59.jpg,519.0
1491259665.28.jpg,519.0
1491259665.97.jpg,499.0
1491259666.65.jpg,455.0
1491259667.34.jpg,425.0
1491259668.03.jpg,396.0
1491259668.71.jpg,371.0
1491259669.4.jpg,366.0
1491259670.09.jpg,359.0
1491259670.77.jpg,345.0
1491259671.46.jpg,305.0
1491259672.14.jpg,277.0
1491259672.84.jpg,278.0
1491259673.52.jpg,278.0
1491259674.2.jpg,278.0
1491259674.89.jpg,278.0
1491259675.58.jpg,278.0
1491259676.27.jpg,249.0
1491259676.95.jpg,248.0
1491259677.64.jpg,331.0
1491259678.33.jpg,331.0
1491259679.01.jpg,306.0
1491259679.7.jpg,327.0
1491259680.39.jpg,327.0
1491259681.07.jpg,327.0
1491259681.76.jpg,321.0
1491259682.45.jpg,321.0
1491259683.14.jpg,372.0
1491259683.82.jpg,344.0
1491259684.51.jpg,327.0
1491259685.19.jpg,326.0
1491259685.88.jpg,326.0
1491259686.57.jpg,351.0
1491259687.25.jpg,422.0
1491259687.94.jpg,423.0
1491259688.63.jpg,423.0
1491259689.31.jpg,423.0
1491259690.0.jpg,419.0
1491259690.69.jpg,418.0
1491259691.38.jpg,418.0
1491259692.06.jpg,418.0
1491259692.75.jpg,418.0
1491259693.44.jpg,418.0
1491259694.12.jpg,418.0
1491259694.81.jpg,436.0
1491259695.5.jpg,494.0
1491259696.18.jpg,495.0
1491259696.9.jpg,495.0
1491259697.59.jpg,495.0
1491259698.28.jpg,454.0
1491259698.96.jpg,454.0
1491259699.65.jpg,458.0
1491259700.34.jpg,474.0
1491259701.02.jpg,475.0
1491259701.71.jpg,517.0
1491259702.4.jpg,517.0
1491259703.08.jpg,526.0
1491259703.77.jpg,526.0
1491259704.46.jpg,566.0
1491259705.14.jpg,566.0
1491259705.83.jpg,566.0
1491259706.52.jpg,566.0
1491259707.2.jpg,566.0
1491259707.89.jpg,566.0
1491259708.58.jpg,566.0
1491259709.26.jpg,566.0
1491259709.95.jpg,566.0
1491259710.64.jpg,566.0
1491259711.32.jpg,566.0
1491259712.01.jpg,566.0
1491259712.7.jpg,566.0
1491259713.38.jpg,566.0
1491259714.08.jpg,557.0
1491259714.76.jpg,557.0
1491259715.44.jpg,557.0
1491259716.13.jpg,557.0
1491259716.82.jpg,557.0
1491259717.5.jpg,540.0
1491259718.19.jpg,540.0
1491259718.88.jpg,540.0
1491259719.57.jpg,550.0
1491259720.25.jpg,550.0
1491259720.94.jpg,550.0
1491259721.62.jpg,550.0
1491259722.31.jpg,550.0
1491259723.0.jpg,550.0
1491259723.68.jpg,550.0
1491259724.37.jpg,550.0
1491259725.06.jpg,550.0
1491259725.74.jpg,550.0
1491259726.44.jpg,565.0
1491259727.12.jpg,565.0
1491259727.81.jpg,565.0
1491259728.5.jpg,565.0
1491259729.18.jpg,565.0
1491259729.87.jpg,565.0
